"_time","_message","client_ip","JSESSIONID"
"2020-09-13T20:26:40.000+08:00","{""_time"": ""2020-09-13T12:26:40+00:00"", ""message"": ""209.160.24.63 - - [29/Jun/2024:18:22:16] \""GET /product.screen?productId=WC-SH-A02&JSESSIONID=SD0SL6FF7ADFF4953 HTTP 1.1\"" 200 3878 \""http://www.google.com\"" \""Mozilla/5.0 (Windows NT 6.1; WOW64) AppleWebKit/536.5 (KHTML; like Gecko) Chrome/19.0.1084.46 Safari/536.5\"" 349""}","209.160.24.63","SD0SL6FF7ADFF4953"
"2020-09-13T20:26:39.000+08:00","{""_time"": ""2020-09-13T12:26:39+00:00"", ""message"": ""209.160.24.63 - - [29/Jun/2024:18:22:16] \""GET /oldlink?itemId=EST-6&JSESSIONID=SD0SL6FF7ADFF4953 HTTP 1.1\"" 200 1748 \""http://www.buttercupgames.com/oldlink?itemId=EST-6\"" \""Mozilla/5.0 (Windows NT 6.1; WOW64) AppleWebKit/536.5 (KHTML; like Gecko) Chrome/19.0.1084.46 Safari/536.5\"" 731""}","209.160.24.63","SD0SL6FF7ADFF4953"
"2020-09-13T20:26:38.000+08:00","{""_time"": ""2020-09-13T12:26:38+00:00"", ""message"": ""209.160.24.63 - - [29/Jun/2024:18:22:17] \""GET /product.screen?productId=BS-AG-G09&JSESSIONID=SD0SL6FF7ADFF4953 HTTP 1.1\"" 200 2550 \""http://www.buttercupgames.com/product.screen?productId=BS-AG-G09\"" \""Mozilla/5.0 (Windows NT 6.1; WOW64) AppleWebKit/536.5 (KHTML; like Gecko) Chrome/19.0.1084.46 Safari/536.5\"" 422""}","209.160.24.63","SD0SL6FF7ADFF4953"
"2020-09-13T20:26:37.000+08:00","{""_time"": ""2020-09-13T12:26:37+00:00"", ""message"": ""209.160.24.63 - - [29/Jun/2024:18:22:19] \""POST /category.screen?categoryId=STRATEGY&JSESSIONID=SD0SL6FF7ADFF4953 HTTP 1.1\"" 200 407 \""http://www.buttercupgames.com/cart.do?action=remove&itemId=EST-7&productId=PZ-SG-G05\"" \""Mozilla/5.0 (Windows NT 6.1; WOW64) AppleWebKit/536.5 (KHTML; like Gecko) Chrome/19.0.1084.46 Safari/536.5\"" 211""}","209.160.24.63","SD0SL6FF7ADFF4953"
"2020-09-13T20:26:36.000+08:00","{""_time"": ""2020-09-13T12:26:36+00:00"", ""message"": ""209.160.24.63 - - [29/Jun/2024:18:22:20] \""GET /product.screen?productId=FS-SG-G03&JSESSIONID=SD0SL6FF7ADFF4953 HTTP 1.1\"" 200 2047 \""http://www.buttercupgames.com/category.screen?categoryId=STRATEGY\"" \""Mozilla/5.0 (Windows NT 6.1; WOW64) AppleWebKit/536.5 (KHTML; like Gecko) Chrome/19.0.1084.46 Safari/536.5\"" 487""}","209.160.24.63","SD0SL6FF7ADFF4953"
"2020-09-13T20:26:35.000+08:00","{""_time"": ""2020-09-13T12:26:35+00:00"", ""message"": ""209.160.24.63 - - [29/Jun/2024:18:22:20] \""POST /cart.do?action=addtocart&itemId=EST-21&productId=FS-SG-G03&JSESSIONID=SD0SL6FF7ADFF4953 HTTP 1.1\"" 200 1201 \""http://www.buttercupgames.com/product.screen?productId=FS-SG-G03\"" \""Mozilla/5.0 (Windows NT 6.1; WOW64) AppleWebKit/536.5 (KHTML; like Gecko) Chrome/19.0.1084.46 Safari/536.5\"" 256""}","209.160.24.63","SD0SL6FF7ADFF4953"
"2020-09-13T20:26:34.000+08:00","{""_time"": ""2020-09-13T12:26:34+00:00"", ""message"": ""209.160.24.63 - - [29/Jun/2024:18:22:21] \""POST /cart.do?action=purchase&itemId=EST-21&JSESSIONID=SD0SL6FF7ADFF4953 HTTP 1.1\"" 200 486 \""http://www.buttercupgames.com/cart.do?action=addtocart&itemId=EST-21&categoryId=STRATEGY&productId=FS-SG-G03\"" \""Mozilla/5.0 (Windows NT 6.1; WOW64) AppleWebKit/536.5 (KHTML; like Gecko) Chrome/19.0.1084.46 Safari/536.5\"" 293""}","209.160.24.63","SD0SL6FF7ADFF4953"
"2020-09-13T20:26:33.000+08:00","{""_time"": ""2020-09-13T12:26:33+00:00"", ""message"": ""209.160.24.63 - - [29/Jun/2024:18:22:22] \""POST /cart/success.do?JSESSIONID=SD0SL6FF7ADFF4953 HTTP 1.1\"" 200 3280 \""http://www.buttercupgames.com/cart.do?action=purchase&itemId=EST-21\"" \""Mozilla/5.0 (Windows NT 6.1; WOW64) AppleWebKit/536.5 (KHTML; like Gecko) Chrome/19.0.1084.46 Safari/536.5\"" 952""}","209.160.24.63","SD0SL6FF7ADFF4953"
"2020-09-13T20:26:32.000+08:00","{""_time"": ""2020-09-13T12:26:32+00:00"", ""message"": ""209.160.24.63 - - [29/Jun/2024:18:22:21] \""GET /cart.do?action=remove&itemId=EST-11&productId=WC-SH-A01&JSESSIONID=SD0SL6FF7ADFF4953 HTTP 1.1\"" 200 3619 \""http://www.buttercupgames.com/oldlink?itemId=EST-11\"" \""Mozilla/5.0 (Windows NT 6.1; WOW64) AppleWebKit/536.5 (KHTML; like Gecko) Chrome/19.0.1084.46 Safari/536.5\"" 763""}","209.160.24.63","SD0SL6FF7ADFF4953"
"2020-09-13T20:26:31.000+08:00","{""_time"": ""2020-09-13T12:26:31+00:00"", ""message"": ""209.160.24.63 - - [29/Jun/2024:18:22:22] \""GET /oldlink?itemId=EST-14&JSESSIONID=SD0SL6FF7ADFF4953 HTTP 1.1\"" 200 1352 \""http://www.buttercupgames.com/cart.do?action=addtocart&itemId=EST-14&productId=WC-SH-A01\"" \""Mozilla/5.0 (Windows NT 6.1; WOW64) AppleWebKit/536.5 (KHTML; like Gecko) Chrome/19.0.1084.46 Safari/536.5\"" 180""}","209.160.24.63","SD0SL6FF7ADFF4953"
"2020-09-13T20:26:30.000+08:00","{""_time"": ""2020-09-13T12:26:30+00:00"", ""message"": ""112.111.162.4 - - [29/Jun/2024:18:26:36] \""GET /product.screen?productId=WC-SH-G04&JSESSIONID=SD7SL8FF5ADFF4964 HTTP 1.1\"" 200 778 \""http://www.buttercupgames.com/category.screen?categoryId=SHOOTER\"" \""Mozilla/5.0 (Windows NT 6.1; WOW64) AppleWebKit/536.5 (KHTML; like Gecko) Chrome/19.0.1084.52 Safari/536.5\"" 194""}","112.111.162.4","SD7SL8FF5ADFF4964"
"2020-09-13T20:26:29.000+08:00","{""_time"": ""2020-09-13T12:26:29+00:00"", ""message"": ""112.111.162.4 - - [29/Jun/2024:18:26:37] \""POST /cart.do?action=addtocart&itemId=EST-18&productId=WC-SH-G04&JSESSIONID=SD7SL8FF5ADFF4964 HTTP 1.1\"" 200 215 \""http://www.buttercupgames.com/product.screen?productId=WC-SH-G04\"" \""Mozilla/5.0 (Windows NT 6.1; WOW64) AppleWebKit/536.5 (KHTML; like Gecko) Chrome/19.0.1084.52 Safari/536.5\"" 727""}","112.111.162.4","SD7SL8FF5ADFF4964"
"2020-09-13T20:26:28.000+08:00","{""_time"": ""2020-09-13T12:26:28+00:00"", ""message"": ""112.111.162.4 - - [29/Jun/2024:18:26:38] \""POST /cart.do?action=purchase&itemId=EST-18&JSESSIONID=SD7SL8FF5ADFF4964 HTTP 1.1\"" 200 1228 \""http://www.buttercupgames.com/cart.do?action=addtocart&itemId=EST-18&categoryId=SHOOTER&productId=WC-SH-G04\"" \""Mozilla/5.0 (Windows NT 6.1; WOW64) AppleWebKit/536.5 (KHTML; like Gecko) Chrome/19.0.1084.52 Safari/536.5\"" 430""}","112.111.162.4","SD7SL8FF5ADFF4964"
"2020-09-13T20:26:27.000+08:00","{""_time"": ""2020-09-13T12:26:27+00:00"", ""message"": ""112.111.162.4 - - [29/Jun/2024:18:26:38] \""POST /cart/error.do?msg=CreditDoesNotMatch&JSESSIONID=SD7SL8FF5ADFF4964 HTTP 1.1\"" 200 1232 \""http://www.buttercupgames.com/cart.do?action=purchase&itemId=EST-18\"" \""Mozilla/5.0 (Windows NT 6.1; WOW64) AppleWebKit/536.5 (KHTML; like Gecko) Chrome/19.0.1084.52 Safari/536.5\"" 841""}","112.111.162.4","SD7SL8FF5ADFF4964"
"2020-09-13T20:26:26.000+08:00","{""_time"": ""2020-09-13T12:26:26+00:00"", ""message"": ""112.111.162.4 - - [29/Jun/2024:18:26:37] \""GET /category.screen?categoryId=NULL&JSESSIONID=SD7SL8FF5ADFF4964 HTTP 1.1\"" 505 2445 \""http://www.buttercupgames.com/category.screen?categoryId=NULL\"" \""Mozilla/5.0 (Windows NT 6.1; WOW64) AppleWebKit/536.5 (KHTML; like Gecko) Chrome/19.0.1084.52 Safari/536.5\"" 393""}","112.111.162.4","SD7SL8FF5ADFF4964"
"2020-09-13T20:26:25.000+08:00","{""_time"": ""2020-09-13T12:26:25+00:00"", ""message"": ""112.111.162.4 - - [29/Jun/2024:18:26:38] \""GET /oldlink?itemId=EST-7&JSESSIONID=SD7SL8FF5ADFF4964 HTTP 1.1\"" 503 1207 \""http://www.buttercupgames.com/category.screen?categoryId=NULL\"" \""Mozilla/5.0 (Windows NT 6.1; WOW64) AppleWebKit/536.5 (KHTML; like Gecko) Chrome/19.0.1084.52 Safari/536.5\"" 704""}","112.111.162.4","SD7SL8FF5ADFF4964"
"2020-09-13T20:26:24.000+08:00","{""_time"": ""2020-09-13T12:26:24+00:00"", ""message"": ""74.125.19.106 - - [29/Jun/2024:18:32:15] \""GET /cart.do?action=addtocart&itemId=EST-16&productId=DC-SG-G02&JSESSIONID=SD4SL7FF10ADFF4998 HTTP 1.1\"" 200 1425 \""http://www.buttercupgames.com\"" \""Mozilla/5.0 (Windows; U; Windows NT 5.1; en-GB; rv:1.8.1.6) Gecko/20070725 Firefox/2.0.0.6\"" 375""}","74.125.19.106","SD4SL7FF10ADFF4998"
"2020-09-13T20:26:23.000+08:00","{""_time"": ""2020-09-13T12:26:23+00:00"", ""message"": ""74.125.19.106 - - [29/Jun/2024:18:32:15] \""GET /category.screen?categoryId=NULL&JSESSIONID=SD4SL7FF10ADFF4998 HTTP 1.1\"" 503 2039 \""http://www.buttercupgames.com/oldlink?itemId=EST-13\"" \""Mozilla/5.0 (Windows; U; Windows NT 5.1; en-GB; rv:1.8.1.6) Gecko/20070725 Firefox/2.0.0.6\"" 533""}","74.125.19.106","SD4SL7FF10ADFF4998"
"2020-09-13T20:26:22.000+08:00","{""_time"": ""2020-09-13T12:26:22+00:00"", ""message"": ""117.21.246.164 - - [29/Jun/2024:18:36:02] \""POST /cart.do?action=changequantity&itemId=EST-21&productId=WC-SH-A01&JSESSIONID=SD9SL6FF8ADFF5015 HTTP 1.1\"" 200 809 \""http://www.buttercupgames.com\"" \""Googlebot/2.1 (http://www.googlebot.com/bot.html)\"" 643""}","117.21.246.164","SD9SL6FF8ADFF5015"
"2020-09-13T20:26:21.000+08:00","{""_time"": ""2020-09-13T12:26:21+00:00"", ""message"": ""117.21.246.164 - - [29/Jun/2024:18:36:03] \""POST /cart.do?action=addtocart&itemId=EST-27&productId=DC-SG-G02&JSESSIONID=SD9SL6FF8ADFF5015 HTTP 1.1\"" 200 1291 \""http://www.buttercupgames.com/cart.do?action=addtocart&itemId=EST-27&productId=DC-SG-G02\"" \""Googlebot/2.1 (http://www.googlebot.com/bot.html)\"" 795""}","117.21.246.164","SD9SL6FF8ADFF5015"
"2020-09-13T20:26:20.000+08:00","{""_time"": ""2020-09-13T12:26:20+00:00"", ""message"": ""117.21.246.164 - - [29/Jun/2024:18:36:03] \""GET /category.screen?categoryId=STRATEGY&JSESSIONID=SD9SL6FF8ADFF5015 HTTP 1.1\"" 200 3182 \""http://www.buttercupgames.com/oldlink?itemId=EST-26\"" \""Googlebot/2.1 (http://www.googlebot.com/bot.html)\"" 190""}","117.21.246.164","SD9SL6FF8ADFF5015"
"2020-09-13T20:26:19.000+08:00","{""_time"": ""2020-09-13T12:26:19+00:00"", ""message"": ""117.21.246.164 - - [29/Jun/2024:18:36:03] \""GET /cart.do?action=view&itemId=EST-19&productId=DB-SG-G01&JSESSIONID=SD9SL6FF8ADFF5015 HTTP 1.1\"" 200 2477 \""http://www.buttercupgames.com/product.screen?productId=DB-SG-G01\"" \""Googlebot/2.1 (http://www.googlebot.com/bot.html)\"" 636""}","117.21.246.164","SD9SL6FF8ADFF5015"
"2020-09-13T20:26:18.000+08:00","{""_time"": ""2020-09-13T12:26:18+00:00"", ""message"": ""117.21.246.164 - - [29/Jun/2024:18:36:05] \""POST /product.screen?productId=DB-SG-G01&JSESSIONID=SD9SL6FF8ADFF5015 HTTP 1.1\"" 200 3792 \""http://www.buttercupgames.com/cart.do?action=view&itemId=EST-7&productId=DB-SG-G01\"" \""Googlebot/2.1 (http://www.googlebot.com/bot.html)\"" 360""}","117.21.246.164","SD9SL6FF8ADFF5015"
"2020-09-13T20:26:17.000+08:00","{""_time"": ""2020-09-13T12:26:17+00:00"", ""message"": ""117.21.246.164 - - [29/Jun/2024:18:36:06] \""GET /category.screen?categoryId=ACCESSORIES&JSESSIONID=SD9SL6FF8ADFF5015 HTTP 1.1\"" 200 689 \""http://www.buttercupgames.com/oldlink?itemId=EST-7\"" \""Googlebot/2.1 (http://www.googlebot.com/bot.html)\"" 673""}","117.21.246.164","SD9SL6FF8ADFF5015"
"2020-09-13T20:26:16.000+08:00","{""_time"": ""2020-09-13T12:26:16+00:00"", ""message"": ""117.21.246.164 - - [29/Jun/2024:18:36:07] \""GET /oldlink?itemId=EST-17&JSESSIONID=SD9SL6FF8ADFF5015 HTTP 1.1\"" 200 924 \""http://www.buttercupgames.com/oldlink?itemId=EST-17\"" \""Googlebot/2.1 (http://www.googlebot.com/bot.html)\"" 156""}","117.21.246.164","SD9SL6FF8ADFF5015"
"2020-09-13T20:26:15.000+08:00","{""_time"": ""2020-09-13T12:26:15+00:00"", ""message"": ""117.21.246.164 - - [29/Jun/2024:18:36:07] \""GET /product.screen?productId=FI-AG-G08&JSESSIONID=SD9SL6FF8ADFF5015 HTTP 1.1\"" 200 3077 \""http://www.buttercupgames.com/cart.do?action=remove&itemId=EST-13&productId=FI-AG-G08\"" \""Googlebot/2.1 (http://www.googlebot.com/bot.html)\"" 325""}","117.21.246.164","SD9SL6FF8ADFF5015"
"2020-09-13T20:26:14.000+08:00","{""_time"": ""2020-09-13T12:26:14+00:00"", ""message"": ""117.21.246.164 - - [29/Jun/2024:18:36:07] \""GET /category.screen?categoryId=NULL&JSESSIONID=SD9SL6FF8ADFF5015 HTTP 1.1\"" 505 745 \""http://www.buttercupgames.com/oldlink?itemId=EST-27\"" \""Googlebot/2.1 (http://www.googlebot.com/bot.html)\"" 371""}","117.21.246.164","SD9SL6FF8ADFF5015"
"2020-09-13T20:26:13.000+08:00","{""_time"": ""2020-09-13T12:26:13+00:00"", ""message"": ""117.21.246.164 - - [29/Jun/2024:18:36:08] \""GET /product.screen?productId=WC-SH-G04&JSESSIONID=SD9SL6FF8ADFF5015 HTTP 1.1\"" 200 3743 \""http://www.buttercupgames.com/product.screen?productId=WC-SH-G04\"" \""Googlebot/2.1 (http://www.googlebot.com/bot.html)\"" 794""}","117.21.246.164","SD9SL6FF8ADFF5015"
"2020-09-13T20:26:12.000+08:00","{""_time"": ""2020-09-13T12:26:12+00:00"", ""message"": ""117.21.246.164 - - [29/Jun/2024:18:36:08] \""GET /category.screen?categoryId=ARCADE&JSESSIONID=SD9SL6FF8ADFF5015 HTTP 1.1\"" 200 2078 \""http://www.buttercupgames.com/oldlink?itemId=EST-15\"" \""Googlebot/2.1 (http://www.googlebot.com/bot.html)\"" 667""}","117.21.246.164","SD9SL6FF8ADFF5015"
"2020-09-13T20:26:11.000+08:00","{""_time"": ""2020-09-13T12:26:11+00:00"", ""message"": ""91.205.189.27 - - [29/Jun/2024:18:46:23] \""GET /product.screen?productId=CU-PG-G06&JSESSIONID=SD8SL8FF3ADFF5080 HTTP 1.1\"" 200 2586 \""http://www.buttercupgames.com/category.screen?categoryId=SPORTS\"" \""Mozilla/5.0 (Windows NT 6.1; WOW64) AppleWebKit/536.5 (KHTML; like Gecko) Chrome/19.0.1084.52 Safari/536.5\"" 887""}","91.205.189.27","SD8SL8FF3ADFF5080"
"2020-09-13T20:26:10.000+08:00","{""_time"": ""2020-09-13T12:26:10+00:00"", ""message"": ""91.205.189.27 - - [29/Jun/2024:18:46:24] \""POST /cart.do?action=addtocart&itemId=EST-12&productId=CU-PG-G06&JSESSIONID=SD8SL8FF3ADFF5080 HTTP 1.1\"" 200 2931 \""http://www.buttercupgames.com/product.screen?productId=CU-PG-G06\"" \""Mozilla/5.0 (Windows NT 6.1; WOW64) AppleWebKit/536.5 (KHTML; like Gecko) Chrome/19.0.1084.52 Safari/536.5\"" 697""}","91.205.189.27","SD8SL8FF3ADFF5080"
"2020-09-13T20:26:09.000+08:00","{""_time"": ""2020-09-13T12:26:09+00:00"", ""message"": ""91.205.189.27 - - [29/Jun/2024:18:46:25] \""POST /cart.do?action=purchase&itemId=EST-12&JSESSIONID=SD8SL8FF3ADFF5080 HTTP 1.1\"" 200 1341 \""http://www.buttercupgames.com/cart.do?action=addtocart&itemId=EST-12&categoryId=SPORTS&productId=CU-PG-G06\"" \""Mozilla/5.0 (Windows NT 6.1; WOW64) AppleWebKit/536.5 (KHTML; like Gecko) Chrome/19.0.1084.52 Safari/536.5\"" 789""}","91.205.189.27","SD8SL8FF3ADFF5080"
"2020-09-13T20:26:08.000+08:00","{""_time"": ""2020-09-13T12:26:08+00:00"", ""message"": ""91.205.189.27 - - [29/Jun/2024:18:46:25] \""POST /cart/success.do?JSESSIONID=SD8SL8FF3ADFF5080 HTTP 1.1\"" 200 969 \""http://www.buttercupgames.com/cart.do?action=purchase&itemId=EST-12\"" \""Mozilla/5.0 (Windows NT 6.1; WOW64) AppleWebKit/536.5 (KHTML; like Gecko) Chrome/19.0.1084.52 Safari/536.5\"" 702""}","91.205.189.27","SD8SL8FF3ADFF5080"
"2020-09-13T20:26:07.000+08:00","{""_time"": ""2020-09-13T12:26:07+00:00"", ""message"": ""91.205.189.27 - - [29/Jun/2024:18:46:24] \""GET /oldlink?itemId=EST-7&JSESSIONID=SD8SL8FF3ADFF5080 HTTP 1.1\"" 200 214 \""http://www.buttercupgames.com/category.screen?categoryId=TEE\"" \""Mozilla/5.0 (Windows NT 6.1; WOW64) AppleWebKit/536.5 (KHTML; like Gecko) Chrome/19.0.1084.52 Safari/536.5\"" 260""}","91.205.189.27","SD8SL8FF3ADFF5080"
"2020-09-13T20:26:06.000+08:00","{""_time"": ""2020-09-13T12:26:06+00:00"", ""message"": ""91.205.189.27 - - [29/Jun/2024:18:46:24] \""GET /category.screen?categoryId=STRATEGY&JSESSIONID=SD8SL8FF3ADFF5080 HTTP 1.1\"" 200 2394 \""http://www.buttercupgames.com/category.screen?categoryId=STRATEGY\"" \""Mozilla/5.0 (Windows NT 6.1; WOW64) AppleWebKit/536.5 (KHTML; like Gecko) Chrome/19.0.1084.52 Safari/536.5\"" 955""}","91.205.189.27","SD8SL8FF3ADFF5080"
"2020-09-13T20:26:05.000+08:00","{""_time"": ""2020-09-13T12:26:05+00:00"", ""message"": ""195.80.144.22 - - [29/Jun/2024:18:48:36] \""POST /cart.do?action=changequantity&itemId=EST-27&productId=BS-AG-G09&JSESSIONID=SD6SL9FF1ADFF5081 HTTP 1.1\"" 200 1598 \""http://www.bing.com\"" \""Mozilla/5.0 (iPad; CPU OS 5_1_1 like Mac OS X) AppleWebKit/534.46 (KHTML; like Gecko) Version/5.1 Mobile/9B206 Safari/7534.48.3\"" 269""}","195.80.144.22","SD6SL9FF1ADFF5081"
"2020-09-13T20:26:04.000+08:00","{""_time"": ""2020-09-13T12:26:04+00:00"", ""message"": ""195.80.144.22 - - [29/Jun/2024:18:48:37] \""GET /oldlink?itemId=EST-17&JSESSIONID=SD6SL9FF1ADFF5081 HTTP 1.1\"" 505 726 \""http://www.buttercupgames.com/product.screen?productId=SF-BVS-G01\"" \""Mozilla/5.0 (iPad; CPU OS 5_1_1 like Mac OS X) AppleWebKit/534.46 (KHTML; like Gecko) Version/5.1 Mobile/9B206 Safari/7534.48.3\"" 200""}","195.80.144.22","SD6SL9FF1ADFF5081"
"2020-09-13T20:26:03.000+08:00","{""_time"": ""2020-09-13T12:26:03+00:00"", ""message"": ""195.80.144.22 - - [29/Jun/2024:18:48:38] \""GET /category.screen?categoryId=ARCADE&JSESSIONID=SD6SL9FF1ADFF5081 HTTP 1.1\"" 200 3205 \""http://www.buttercupgames.com/oldlink?itemId=EST-21\"" \""Mozilla/5.0 (iPad; CPU OS 5_1_1 like Mac OS X) AppleWebKit/534.46 (KHTML; like Gecko) Version/5.1 Mobile/9B206 Safari/7534.48.3\"" 251""}","195.80.144.22","SD6SL9FF1ADFF5081"
"2020-09-13T20:26:02.000+08:00","{""_time"": ""2020-09-13T12:26:02+00:00"", ""message"": ""195.80.144.22 - - [29/Jun/2024:18:48:39] \""GET /oldlink?itemId=EST-7&JSESSIONID=SD6SL9FF1ADFF5081 HTTP 1.1\"" 200 450 \""http://www.buttercupgames.com/category.screen?categoryId=ARCADE\"" \""Mozilla/5.0 (iPad; CPU OS 5_1_1 like Mac OS X) AppleWebKit/534.46 (KHTML; like Gecko) Version/5.1 Mobile/9B206 Safari/7534.48.3\"" 490""}","195.80.144.22","SD6SL9FF1ADFF5081"
"2020-09-13T20:26:01.000+08:00","{""_time"": ""2020-09-13T12:26:01+00:00"", ""message"": ""195.80.144.22 - - [29/Jun/2024:18:48:39] \""POST /cart.do?action=view&itemId=EST-27&productId=MB-AG-G07&JSESSIONID=SD6SL9FF1ADFF5081 HTTP 1.1\"" 200 1229 \""http://www.buttercupgames.com/product.screen?productId=MB-AG-G07\"" \""Mozilla/5.0 (iPad; CPU OS 5_1_1 like Mac OS X) AppleWebKit/534.46 (KHTML; like Gecko) Version/5.1 Mobile/9B206 Safari/7534.48.3\"" 903""}","195.80.144.22","SD6SL9FF1ADFF5081"
"2020-09-13T20:26:00.000+08:00","{""_time"": ""2020-09-13T12:26:00+00:00"", ""message"": ""195.80.144.22 - - [29/Jun/2024:18:48:40] \""GET /category.screen?categoryId=TEE&JSESSIONID=SD6SL9FF1ADFF5081 HTTP 1.1\"" 200 606 \""http://www.buttercupgames.com/product.screen?productId=MB-AG-T01\"" \""Mozilla/5.0 (iPad; CPU OS 5_1_1 like Mac OS X) AppleWebKit/534.46 (KHTML; like Gecko) Version/5.1 Mobile/9B206 Safari/7534.48.3\"" 707""}","195.80.144.22","SD6SL9FF1ADFF5081"
"2020-09-13T20:25:59.000+08:00","{""_time"": ""2020-09-13T12:25:59+00:00"", ""message"": ""195.80.144.22 - - [29/Jun/2024:18:48:40] \""GET /cart.do?action=remove&itemId=EST-21&productId=PZ-SG-G05&JSESSIONID=SD6SL9FF1ADFF5081 HTTP 1.1\"" 200 3578 \""http://www.buttercupgames.com/oldlink?itemId=EST-21\"" \""Mozilla/5.0 (iPad; CPU OS 5_1_1 like Mac OS X) AppleWebKit/534.46 (KHTML; like Gecko) Version/5.1 Mobile/9B206 Safari/7534.48.3\"" 265""}","195.80.144.22","SD6SL9FF1ADFF5081"
"2020-09-13T20:25:58.000+08:00","{""_time"": ""2020-09-13T12:25:58+00:00"", ""message"": ""91.205.40.22 - - [29/Jun/2024:18:57:52] \""GET /product.screen?productId=CU-PG-G06&JSESSIONID=SD10SL10FF5ADFF5106 HTTP 1.1\"" 200 1711 \""http://www.buttercupgames.com/category.screen?categoryId=SPORTS\"" \""Opera/9.20 (Windows NT 6.0; U; en)\"" 723""}","91.205.40.22","SD10SL10FF5ADFF5106"
"2020-09-13T20:25:57.000+08:00","{""_time"": ""2020-09-13T12:25:57+00:00"", ""message"": ""91.205.40.22 - - [29/Jun/2024:18:57:54] \""POST /cart.do?action=addtocart&itemId=EST-26&productId=CU-PG-G06&JSESSIONID=SD10SL10FF5ADFF5106 HTTP 1.1\"" 200 2133 \""http://www.buttercupgames.com/product.screen?productId=CU-PG-G06\"" \""Opera/9.20 (Windows NT 6.0; U; en)\"" 191""}","91.205.40.22","SD10SL10FF5ADFF5106"
"2020-09-13T20:25:56.000+08:00","{""_time"": ""2020-09-13T12:25:56+00:00"", ""message"": ""91.205.40.22 - - [29/Jun/2024:18:57:55] \""POST /cart.do?action=purchase&itemId=EST-26&JSESSIONID=SD10SL10FF5ADFF5106 HTTP 1.1\"" 200 3821 \""http://www.buttercupgames.com/cart.do?action=addtocart&itemId=EST-26&categoryId=SPORTS&productId=CU-PG-G06\"" \""Opera/9.20 (Windows NT 6.0; U; en)\"" 749""}","91.205.40.22","SD10SL10FF5ADFF5106"
"2020-09-13T20:25:55.000+08:00","{""_time"": ""2020-09-13T12:25:55+00:00"", ""message"": ""91.205.40.22 - - [29/Jun/2024:18:57:55] \""POST /cart/success.do?JSESSIONID=SD10SL10FF5ADFF5106 HTTP 1.1\"" 200 899 \""http://www.buttercupgames.com/cart.do?action=purchase&itemId=EST-26\"" \""Opera/9.20 (Windows NT 6.0; U; en)\"" 682""}","91.205.40.22","SD10SL10FF5ADFF5106"
"2020-09-13T20:25:54.000+08:00","{""_time"": ""2020-09-13T12:25:54+00:00"", ""message"": ""60.18.93.11 - - [29/Jun/2024:18:59:54] \""POST /cart.do?action=view&itemId=EST-21&productId=DC-SG-G02&JSESSIONID=SD4SL5FF3ADFF5111 HTTP 1.1\"" 200 381 \""http://www.google.com\"" \""Mozilla/5.0 (iPad; CPU OS 5_1_1 like Mac OS X) AppleWebKit/534.46 (KHTML; like Gecko) Version/5.1 Mobile/9B206 Safari/7534.48.3\"" 345""}","60.18.93.11","SD4SL5FF3ADFF5111"
"2020-09-13T20:25:53.000+08:00","{""_time"": ""2020-09-13T12:25:53+00:00"", ""message"": ""60.18.93.11 - - [29/Jun/2024:18:59:55] \""GET /oldlink?itemId=EST-16&JSESSIONID=SD4SL5FF3ADFF5111 HTTP 1.1\"" 200 200 \""http://www.buttercupgames.com/product.screen?productId=DC-SG-G02\"" \""Mozilla/5.0 (iPad; CPU OS 5_1_1 like Mac OS X) AppleWebKit/534.46 (KHTML; like Gecko) Version/5.1 Mobile/9B206 Safari/7534.48.3\"" 914""}","60.18.93.11","SD4SL5FF3ADFF5111"
"2020-09-13T20:25:52.000+08:00","{""_time"": ""2020-09-13T12:25:52+00:00"", ""message"": ""60.18.93.11 - - [29/Jun/2024:18:59:56] \""GET /category.screen?categoryId=NULL&JSESSIONID=SD4SL5FF3ADFF5111 HTTP 1.1\"" 400 2120 \""http://www.buttercupgames.com/cart.do?action=purchase&itemId=EST-14\"" \""Mozilla/5.0 (iPad; CPU OS 5_1_1 like Mac OS X) AppleWebKit/534.46 (KHTML; like Gecko) Version/5.1 Mobile/9B206 Safari/7534.48.3\"" 245""}","60.18.93.11","SD4SL5FF3ADFF5111"
"2020-09-13T20:25:51.000+08:00","{""_time"": ""2020-09-13T12:25:51+00:00"", ""message"": ""60.18.93.11 - - [29/Jun/2024:18:59:57] \""GET /cart.do?action=changequantity&itemId=EST-12&productId=CU-PG-G06&JSESSIONID=SD4SL5FF3ADFF5111 HTTP 1.1\"" 200 849 \""http://www.buttercupgames.com/category.screen?categoryId=SPORTS\"" \""Mozilla/5.0 (iPad; CPU OS 5_1_1 like Mac OS X) AppleWebKit/534.46 (KHTML; like Gecko) Version/5.1 Mobile/9B206 Safari/7534.48.3\"" 314""}","60.18.93.11","SD4SL5FF3ADFF5111"
"2020-09-13T20:25:50.000+08:00","{""_time"": ""2020-09-13T12:25:50+00:00"", ""message"": ""60.18.93.11 - - [29/Jun/2024:18:59:57] \""POST /cart.do?action=view&itemId=EST-15&productId=DB-SG-G01&JSESSIONID=SD4SL5FF3ADFF5111 HTTP 1.1\"" 200 588 \""http://www.buttercupgames.com/product.screen?productId=DB-SG-G01\"" \""Mozilla/5.0 (iPad; CPU OS 5_1_1 like Mac OS X) AppleWebKit/534.46 (KHTML; like Gecko) Version/5.1 Mobile/9B206 Safari/7534.48.3\"" 612""}","60.18.93.11","SD4SL5FF3ADFF5111"
"2020-09-13T20:25:49.000+08:00","{""_time"": ""2020-09-13T12:25:49+00:00"", ""message"": ""60.18.93.11 - - [29/Jun/2024:18:59:59] \""GET /oldlink?itemId=EST-12&JSESSIONID=SD4SL5FF3ADFF5111 HTTP 1.1\"" 200 1786 \""http://www.buttercupgames.com/oldlink?itemId=EST-12\"" \""Mozilla/5.0 (iPad; CPU OS 5_1_1 like Mac OS X) AppleWebKit/534.46 (KHTML; like Gecko) Version/5.1 Mobile/9B206 Safari/7534.48.3\"" 788""}","60.18.93.11","SD4SL5FF3ADFF5111"
"2020-09-13T20:25:48.000+08:00","{""_time"": ""2020-09-13T12:25:48+00:00"", ""message"": ""84.34.159.23 - - [29/Jun/2024:19:01:14] \""GET /category.screen?categoryId=ACCESSORIES&JSESSIONID=SD1SL8FF9ADFF5125 HTTP 1.1\"" 200 3985 \""http://www.google.com\"" \""Mozilla/4.0 (compatible; MSIE 7.0; Windows NT 5.1; .NET CLR 2.0.50727; .NET CLR 3.0.4506.2152; .NET CLR 3.5.30729; InfoPath.1; .NET4.0C; .NET4.0E; MS-RTC LM 8)\"" 641""}","84.34.159.23","SD1SL8FF9ADFF5125"
"2020-09-13T20:25:47.000+08:00","{""_time"": ""2020-09-13T12:25:47+00:00"", ""message"": ""84.34.159.23 - - [29/Jun/2024:19:01:15] \""GET /category.screen?categoryId=STRATEGY&JSESSIONID=SD1SL8FF9ADFF5125 HTTP 1.1\"" 200 670 \""http://www.buttercupgames.com/product.screen?productId=PZ-SG-G05\"" \""Mozilla/4.0 (compatible; MSIE 7.0; Windows NT 5.1; .NET CLR 2.0.50727; .NET CLR 3.0.4506.2152; .NET CLR 3.5.30729; InfoPath.1; .NET4.0C; .NET4.0E; MS-RTC LM 8)\"" 505""}","84.34.159.23","SD1SL8FF9ADFF5125"
"2020-09-13T20:25:46.000+08:00","{""_time"": ""2020-09-13T12:25:46+00:00"", ""message"": ""84.34.159.23 - - [29/Jun/2024:19:01:16] \""POST /cart.do?action=view&itemId=EST-17&productId=SC-MG-G10&JSESSIONID=SD1SL8FF9ADFF5125 HTTP 1.1\"" 200 3494 \""http://www.buttercupgames.com/product.screen?productId=SC-MG-G10\"" \""Mozilla/4.0 (compatible; MSIE 7.0; Windows NT 5.1; .NET CLR 2.0.50727; .NET CLR 3.0.4506.2152; .NET CLR 3.5.30729; InfoPath.1; .NET4.0C; .NET4.0E; MS-RTC LM 8)\"" 386""}","84.34.159.23","SD1SL8FF9ADFF5125"
"2020-09-13T20:25:45.000+08:00","{""_time"": ""2020-09-13T12:25:45+00:00"", ""message"": ""84.34.159.23 - - [29/Jun/2024:19:01:16] \""GET /cart.do?action=view&itemId=EST-11&productId=WC-SH-A01&JSESSIONID=SD1SL8FF9ADFF5125 HTTP 1.1\"" 200 3969 \""http://www.buttercupgames.com/cart.do?action=view&itemId=EST-11&productId=WC-SH-A01\"" \""Mozilla/4.0 (compatible; MSIE 7.0; Windows NT 5.1; .NET CLR 2.0.50727; .NET CLR 3.0.4506.2152; .NET CLR 3.5.30729; InfoPath.1; .NET4.0C; .NET4.0E; MS-RTC LM 8)\"" 424""}","84.34.159.23","SD1SL8FF9ADFF5125"
"2020-09-13T20:25:44.000+08:00","{""_time"": ""2020-09-13T12:25:44+00:00"", ""message"": ""84.34.159.23 - - [29/Jun/2024:19:01:16] \""GET /cart.do?action=addtocart&itemId=EST-16&JSESSIONID=SD1SL8FF9ADFF5125 HTTP 1.1\"" 400 2055 \""http://www.buttercupgames.com/product.screen?productId=SF-BVS-G01\"" \""Mozilla/4.0 (compatible; MSIE 7.0; Windows NT 5.1; .NET CLR 2.0.50727; .NET CLR 3.0.4506.2152; .NET CLR 3.5.30729; InfoPath.1; .NET4.0C; .NET4.0E; MS-RTC LM 8)\"" 901""}","84.34.159.23","SD1SL8FF9ADFF5125"
"2020-09-13T20:25:43.000+08:00","{""_time"": ""2020-09-13T12:25:43+00:00"", ""message"": ""84.34.159.23 - - [29/Jun/2024:19:01:16] \""GET /product.screen?productId=SF-BVS-G01&JSESSIONID=SD1SL8FF9ADFF5125 HTTP 1.1\"" 505 3860 \""http://www.buttercupgames.com/cart.do?action=view&itemId=EST-15\"" \""Mozilla/4.0 (compatible; MSIE 7.0; Windows NT 5.1; .NET CLR 2.0.50727; .NET CLR 3.0.4506.2152; .NET CLR 3.5.30729; InfoPath.1; .NET4.0C; .NET4.0E; MS-RTC LM 8)\"" 991""}","84.34.159.23","SD1SL8FF9ADFF5125"
"2020-09-13T20:25:42.000+08:00","{""_time"": ""2020-09-13T12:25:42+00:00"", ""message"": ""84.34.159.23 - - [29/Jun/2024:19:01:17] \""GET /product.screen?productId=DC-SG-G02&JSESSIONID=SD1SL8FF9ADFF5125 HTTP 1.1\"" 200 3063 \""http://www.buttercupgames.com/product.screen?productId=DC-SG-G02\"" \""Mozilla/4.0 (compatible; MSIE 7.0; Windows NT 5.1; .NET CLR 2.0.50727; .NET CLR 3.0.4506.2152; .NET CLR 3.5.30729; InfoPath.1; .NET4.0C; .NET4.0E; MS-RTC LM 8)\"" 193""}","84.34.159.23","SD1SL8FF9ADFF5125"
"2020-09-13T20:25:41.000+08:00","{""_time"": ""2020-09-13T12:25:41+00:00"", ""message"": ""84.34.159.23 - - [29/Jun/2024:19:01:18] \""GET /product.screen?productId=DC-SG-G02&JSESSIONID=SD1SL8FF9ADFF5125 HTTP 1.1\"" 200 3667 \""http://www.buttercupgames.com/category.screen?categoryId=STRATEGY\"" \""Mozilla/4.0 (compatible; MSIE 7.0; Windows NT 5.1; .NET CLR 2.0.50727; .NET CLR 3.0.4506.2152; .NET CLR 3.5.30729; InfoPath.1; .NET4.0C; .NET4.0E; MS-RTC LM 8)\"" 294""}","84.34.159.23","SD1SL8FF9ADFF5125"
"2020-09-13T20:25:40.000+08:00","{""_time"": ""2020-09-13T12:25:40+00:00"", ""message"": ""84.34.159.23 - - [29/Jun/2024:19:01:18] \""POST /cart.do?action=addtocart&itemId=EST-27&productId=DC-SG-G02&JSESSIONID=SD1SL8FF9ADFF5125 HTTP 1.1\"" 200 288 \""http://www.buttercupgames.com/product.screen?productId=DC-SG-G02\"" \""Mozilla/4.0 (compatible; MSIE 7.0; Windows NT 5.1; .NET CLR 2.0.50727; .NET CLR 3.0.4506.2152; .NET CLR 3.5.30729; InfoPath.1; .NET4.0C; .NET4.0E; MS-RTC LM 8)\"" 215""}","84.34.159.23","SD1SL8FF9ADFF5125"
"2020-09-13T20:25:39.000+08:00","{""_time"": ""2020-09-13T12:25:39+00:00"", ""message"": ""84.34.159.23 - - [29/Jun/2024:19:01:20] \""POST /cart.do?action=purchase&itemId=EST-27&JSESSIONID=SD1SL8FF9ADFF5125 HTTP 1.1\"" 200 1936 \""http://www.buttercupgames.com/cart.do?action=addtocart&itemId=EST-27&categoryId=STRATEGY&productId=DC-SG-G02\"" \""Mozilla/4.0 (compatible; MSIE 7.0; Windows NT 5.1; .NET CLR 2.0.50727; .NET CLR 3.0.4506.2152; .NET CLR 3.5.30729; InfoPath.1; .NET4.0C; .NET4.0E; MS-RTC LM 8)\"" 798""}","84.34.159.23","SD1SL8FF9ADFF5125"
"2020-09-13T20:25:38.000+08:00","{""_time"": ""2020-09-13T12:25:38+00:00"", ""message"": ""84.34.159.23 - - [29/Jun/2024:19:01:20] \""POST /cart/success.do?JSESSIONID=SD1SL8FF9ADFF5125 HTTP 1.1\"" 200 1111 \""http://www.buttercupgames.com/cart.do?action=purchase&itemId=EST-27\"" \""Mozilla/4.0 (compatible; MSIE 7.0; Windows NT 5.1; .NET CLR 2.0.50727; .NET CLR 3.0.4506.2152; .NET CLR 3.5.30729; InfoPath.1; .NET4.0C; .NET4.0E; MS-RTC LM 8)\"" 908""}","84.34.159.23","SD1SL8FF9ADFF5125"
"2020-09-13T20:25:37.000+08:00","{""_time"": ""2020-09-13T12:25:37+00:00"", ""message"": ""84.34.159.23 - - [29/Jun/2024:19:01:18] \""GET /oldlink?itemId=EST-26&JSESSIONID=SD1SL8FF9ADFF5125 HTTP 1.1\"" 200 2555 \""http://www.buttercupgames.com/product.screen?productId=WC-SH-G04\"" \""Mozilla/4.0 (compatible; MSIE 7.0; Windows NT 5.1; .NET CLR 2.0.50727; .NET CLR 3.0.4506.2152; .NET CLR 3.5.30729; InfoPath.1; .NET4.0C; .NET4.0E; MS-RTC LM 8)\"" 861""}","84.34.159.23","SD1SL8FF9ADFF5125"
"2020-09-13T20:25:36.000+08:00","{""_time"": ""2020-09-13T12:25:36+00:00"", ""message"": ""84.34.159.23 - - [29/Jun/2024:19:01:18] \""GET /oldlink?itemId=EST-19&JSESSIONID=SD1SL8FF9ADFF5125 HTTP 1.1\"" 200 2533 \""http://www.buttercupgames.com/cart.do?action=view&itemId=EST-19&productId=WC-SH-T02\"" \""Mozilla/4.0 (compatible; MSIE 7.0; Windows NT 5.1; .NET CLR 2.0.50727; .NET CLR 3.0.4506.2152; .NET CLR 3.5.30729; InfoPath.1; .NET4.0C; .NET4.0E; MS-RTC LM 8)\"" 771""}","84.34.159.23","SD1SL8FF9ADFF5125"
"2020-09-13T20:25:35.000+08:00","{""_time"": ""2020-09-13T12:25:35+00:00"", ""message"": ""125.89.78.6 - - [29/Jun/2024:19:08:34] \""POST /category.screen?categoryId=TEE&JSESSIONID=SD0SL3FF2ADFF5170 HTTP 1.1\"" 200 769 \""http://www.google.com\"" \""Mozilla/5.0 (Macintosh; Intel Mac OS X 10_6_8) AppleWebKit/534.55.3 (KHTML; like Gecko) Version/5.1.5 Safari/534.55.3\"" 242""}","125.89.78.6","SD0SL3FF2ADFF5170"
"2020-09-13T20:25:34.000+08:00","{""_time"": ""2020-09-13T12:25:34+00:00"", ""message"": ""125.89.78.6 - - [29/Jun/2024:19:08:36] \""GET /category.screen?categoryId=ACCESSORIES&JSESSIONID=SD0SL3FF2ADFF5170 HTTP 1.1\"" 200 306 \""http://www.buttercupgames.com/oldlink?itemId=EST-27\"" \""Mozilla/5.0 (Macintosh; Intel Mac OS X 10_6_8) AppleWebKit/534.55.3 (KHTML; like Gecko) Version/5.1.5 Safari/534.55.3\"" 362""}","125.89.78.6","SD0SL3FF2ADFF5170"
"2020-09-13T20:25:33.000+08:00","{""_time"": ""2020-09-13T12:25:33+00:00"", ""message"": ""125.89.78.6 - - [29/Jun/2024:19:08:37] \""POST /product.screen?productId=PZ-SG-G05&JSESSIONID=SD0SL3FF2ADFF5170 HTTP 1.1\"" 200 2602 \""http://www.buttercupgames.com/category.screen?categoryId=STRATEGY\"" \""Mozilla/5.0 (Macintosh; Intel Mac OS X 10_6_8) AppleWebKit/534.55.3 (KHTML; like Gecko) Version/5.1.5 Safari/534.55.3\"" 353""}","125.89.78.6","SD0SL3FF2ADFF5170"
"2020-09-13T20:25:32.000+08:00","{""_time"": ""2020-09-13T12:25:32+00:00"", ""message"": ""125.89.78.6 - - [29/Jun/2024:19:08:37] \""GET /category.screen?categoryId=STRATEGY&JSESSIONID=SD0SL3FF2ADFF5170 HTTP 1.1\"" 200 3446 \""http://www.buttercupgames.com/product.screen?productId=DC-SG-G02\"" \""Mozilla/5.0 (Macintosh; Intel Mac OS X 10_6_8) AppleWebKit/534.55.3 (KHTML; like Gecko) Version/5.1.5 Safari/534.55.3\"" 744""}","125.89.78.6","SD0SL3FF2ADFF5170"
"2020-09-13T20:25:31.000+08:00","{""_time"": ""2020-09-13T12:25:31+00:00"", ""message"": ""27.96.191.11 - - [29/Jun/2024:19:22:43] \""GET /product.screen?productId=PZ-SG-G05&JSESSIONID=SD6SL1FF10ADFF5226 HTTP 1.1\"" 200 3316 \""http://www.buttercupgames.com/category.screen?categoryId=STRATEGY\"" \""Mozilla/5.0 (Macintosh; Intel Mac OS X 10_7_4) AppleWebKit/536.5 (KHTML; like Gecko) Chrome/19.0.1084.46 Safari/536.5\"" 618""}","27.96.191.11","SD6SL1FF10ADFF5226"
"2020-09-13T20:25:30.000+08:00","{""_time"": ""2020-09-13T12:25:30+00:00"", ""message"": ""27.96.191.11 - - [29/Jun/2024:19:22:45] \""POST /cart.do?action=addtocart&itemId=EST-27&productId=PZ-SG-G05&JSESSIONID=SD6SL1FF10ADFF5226 HTTP 1.1\"" 200 3425 \""http://www.buttercupgames.com/product.screen?productId=PZ-SG-G05\"" \""Mozilla/5.0 (Macintosh; Intel Mac OS X 10_7_4) AppleWebKit/536.5 (KHTML; like Gecko) Chrome/19.0.1084.46 Safari/536.5\"" 795""}","27.96.191.11","SD6SL1FF10ADFF5226"
"2020-09-13T20:25:29.000+08:00","{""_time"": ""2020-09-13T12:25:29+00:00"", ""message"": ""27.96.191.11 - - [29/Jun/2024:19:22:46] \""POST /cart.do?action=purchase&itemId=EST-27&JSESSIONID=SD6SL1FF10ADFF5226 HTTP 1.1\"" 200 1803 \""http://www.buttercupgames.com/cart.do?action=addtocart&itemId=EST-27&categoryId=STRATEGY&productId=PZ-SG-G05\"" \""Mozilla/5.0 (Macintosh; Intel Mac OS X 10_7_4) AppleWebKit/536.5 (KHTML; like Gecko) Chrome/19.0.1084.46 Safari/536.5\"" 702""}","27.96.191.11","SD6SL1FF10ADFF5226"
"2020-09-13T20:25:28.000+08:00","{""_time"": ""2020-09-13T12:25:28+00:00"", ""message"": ""27.96.191.11 - - [29/Jun/2024:19:22:47] \""POST /cart/success.do?JSESSIONID=SD6SL1FF10ADFF5226 HTTP 1.1\"" 200 2731 \""http://www.buttercupgames.com/cart.do?action=purchase&itemId=EST-27\"" \""Mozilla/5.0 (Macintosh; Intel Mac OS X 10_7_4) AppleWebKit/536.5 (KHTML; like Gecko) Chrome/19.0.1084.46 Safari/536.5\"" 223""}","27.96.191.11","SD6SL1FF10ADFF5226"
"2020-09-13T20:25:27.000+08:00","{""_time"": ""2020-09-13T12:25:27+00:00"", ""message"": ""27.96.191.11 - - [29/Jun/2024:19:22:44] \""GET /category.screen?categoryId=ACCESSORIES&JSESSIONID=SD6SL1FF10ADFF5226 HTTP 1.1\"" 200 2644 \""http://www.buttercupgames.com/cart.do?action=view&itemId=EST-19&productId=WC-SH-A02\"" \""Mozilla/5.0 (Macintosh; Intel Mac OS X 10_7_4) AppleWebKit/536.5 (KHTML; like Gecko) Chrome/19.0.1084.46 Safari/536.5\"" 829""}","27.96.191.11","SD6SL1FF10ADFF5226"
"2020-09-13T20:25:26.000+08:00","{""_time"": ""2020-09-13T12:25:26+00:00"", ""message"": ""27.96.191.11 - - [29/Jun/2024:19:22:44] \""GET /cart.do?action=view&itemId=EST-11&productId=MB-AG-T01&JSESSIONID=SD6SL1FF10ADFF5226 HTTP 1.1\"" 200 829 \""http://www.buttercupgames.com/category.screen?categoryId=TEE\"" \""Mozilla/5.0 (Macintosh; Intel Mac OS X 10_7_4) AppleWebKit/536.5 (KHTML; like Gecko) Chrome/19.0.1084.46 Safari/536.5\"" 963""}","27.96.191.11","SD6SL1FF10ADFF5226"
"2020-09-13T20:25:25.000+08:00","{""_time"": ""2020-09-13T12:25:25+00:00"", ""message"": ""27.96.191.11 - - [29/Jun/2024:19:22:45] \""GET /oldlink?itemId=EST-21&JSESSIONID=SD6SL1FF10ADFF5226 HTTP 1.1\"" 200 1119 \""http://www.buttercupgames.com/oldlink?itemId=EST-21\"" \""Mozilla/5.0 (Macintosh; Intel Mac OS X 10_7_4) AppleWebKit/536.5 (KHTML; like Gecko) Chrome/19.0.1084.46 Safari/536.5\"" 327""}","27.96.191.11","SD6SL1FF10ADFF5226"
"2020-09-13T20:25:24.000+08:00","{""_time"": ""2020-09-13T12:25:24+00:00"", ""message"": ""27.96.191.11 - - [29/Jun/2024:19:22:45] \""GET /productscreen.html?t=ou812&JSESSIONID=SD6SL1FF10ADFF5226 HTTP 1.1\"" 404 3244 \""http://www.buttercupgames.com/product.screen?productId=SF-BVS-G01\"" \""Mozilla/5.0 (Macintosh; Intel Mac OS X 10_7_4) AppleWebKit/536.5 (KHTML; like Gecko) Chrome/19.0.1084.46 Safari/536.5\"" 277""}","27.96.191.11","SD6SL1FF10ADFF5226"
"2020-09-13T20:25:23.000+08:00","{""_time"": ""2020-09-13T12:25:23+00:00"", ""message"": ""27.96.191.11 - - [29/Jun/2024:19:22:46] \""GET /product.screen?productId=SC-MG-G10&JSESSIONID=SD6SL1FF10ADFF5226 HTTP 1.1\"" 200 300 \""http://www.buttercupgames.com/cart.do?action=remove&itemId=EST-15&productId=SC-MG-G10\"" \""Mozilla/5.0 (Macintosh; Intel Mac OS X 10_7_4) AppleWebKit/536.5 (KHTML; like Gecko) Chrome/19.0.1084.46 Safari/536.5\"" 725""}","27.96.191.11","SD6SL1FF10ADFF5226"
"2020-09-13T20:25:22.000+08:00","{""_time"": ""2020-09-13T12:25:22+00:00"", ""message"": ""27.96.191.11 - - [29/Jun/2024:19:22:47] \""GET /cart.do?action=view&itemId=EST-13&productId=DB-SG-G01&JSESSIONID=SD6SL1FF10ADFF5226 HTTP 1.1\"" 200 1156 \""http://www.buttercupgames.com/category.screen?categoryId=STRATEGY\"" \""Mozilla/5.0 (Macintosh; Intel Mac OS X 10_7_4) AppleWebKit/536.5 (KHTML; like Gecko) Chrome/19.0.1084.46 Safari/536.5\"" 606""}","27.96.191.11","SD6SL1FF10ADFF5226"
"2020-09-13T20:25:21.000+08:00","{""_time"": ""2020-09-13T12:25:21+00:00"", ""message"": ""27.96.191.11 - - [29/Jun/2024:19:22:47] \""GET /product.screen?productId=WC-SH-A01&JSESSIONID=SD6SL1FF10ADFF5226 HTTP 1.1\"" 200 3068 \""http://www.buttercupgames.com/oldlink?itemId=EST-18\"" \""Mozilla/5.0 (Macintosh; Intel Mac OS X 10_7_4) AppleWebKit/536.5 (KHTML; like Gecko) Chrome/19.0.1084.46 Safari/536.5\"" 820""}","27.96.191.11","SD6SL1FF10ADFF5226"
"2020-09-13T20:25:20.000+08:00","{""_time"": ""2020-09-13T12:25:20+00:00"", ""message"": ""198.35.2.120 - - [29/Jun/2024:19:27:24] \""POST /product.screen?productId=SC-MG-G10&JSESSIONID=SD0SL10FF6ADFF5239 HTTP 1.1\"" 200 3986 \""http://www.bing.com\"" \""Mozilla/5.0 (iPad; CPU OS 5_1_1 like Mac OS X) AppleWebKit/534.46 (KHTML; like Gecko) Version/5.1 Mobile/9B206 Safari/7534.48.3\"" 990""}","198.35.2.120","SD0SL10FF6ADFF5239"
"2020-09-13T20:25:19.000+08:00","{""_time"": ""2020-09-13T12:25:19+00:00"", ""message"": ""198.35.2.120 - - [29/Jun/2024:19:27:26] \""GET /category.screen?categoryId=TEE&JSESSIONID=SD0SL10FF6ADFF5239 HTTP 1.1\"" 200 432 \""http://www.buttercupgames.com/category.screen?categoryId=TEE\"" \""Opera/9.20 (Windows NT 6.0; U; en)\"" 646""}","198.35.2.120","SD0SL10FF6ADFF5239"
"2020-09-13T20:25:18.000+08:00","{""_time"": ""2020-09-13T12:25:18+00:00"", ""message"": ""198.35.2.120 - - [29/Jun/2024:19:27:27] \""GET /cart.do?action=addtocart&itemId=EST-14&productId=MB-AG-T01&JSESSIONID=SD0SL10FF6ADFF5239 HTTP 1.1\"" 200 3642 \""http://www.buttercupgames.com/product.screen?productId=MB-AG-T01\"" \""Opera/9.20 (Windows NT 6.0; U; en)\"" 301""}","198.35.2.120","SD0SL10FF6ADFF5239"
"2020-09-13T20:25:17.000+08:00","{""_time"": ""2020-09-13T12:25:17+00:00"", ""message"": ""198.35.2.120 - - [29/Jun/2024:19:27:27] \""GET /product.screen?productId=FS-SG-G03&JSESSIONID=SD0SL10FF6ADFF5239 HTTP 1.1\"" 200 1185 \""http://www.buttercupgames.com/category.screen?categoryId=STRATEGY\"" \""Opera/9.20 (Windows NT 6.0; U; en)\"" 792""}","198.35.2.120","SD0SL10FF6ADFF5239"
"2020-09-13T20:25:16.000+08:00","{""_time"": ""2020-09-13T12:25:16+00:00"", ""message"": ""198.35.2.120 - - [29/Jun/2024:19:27:29] \""GET /category.screen?categoryId=ACCESSORIES&JSESSIONID=SD0SL10FF6ADFF5239 HTTP 1.1\"" 200 880 \""http://www.buttercupgames.com/product.screen?productId=WC-SH-A02\"" \""Opera/9.20 (Windows NT 6.0; U; en)\"" 416""}","198.35.2.120","SD0SL10FF6ADFF5239"
"2020-09-13T20:25:15.000+08:00","{""_time"": ""2020-09-13T12:25:15+00:00"", ""message"": ""198.35.2.120 - - [29/Jun/2024:19:27:30] \""GET /cart.do?action=view&itemId=EST-7&productId=WC-SH-T02&JSESSIONID=SD0SL10FF6ADFF5239 HTTP 1.1\"" 200 214 \""http://www.buttercupgames.com/oldlink?itemId=EST-7\"" \""Opera/9.20 (Windows NT 6.0; U; en)\"" 137""}","198.35.2.120","SD0SL10FF6ADFF5239"
"2020-09-13T20:25:14.000+08:00","{""_time"": ""2020-09-13T12:25:14+00:00"", ""message"": ""198.35.2.120 - - [29/Jun/2024:19:27:31] \""GET /cart.do?action=remove&itemId=EST-15&productId=DB-SG-G01&JSESSIONID=SD0SL10FF6ADFF5239 HTTP 1.1\"" 200 470 \""http://www.buttercupgames.com/cart.do?action=remove&itemId=EST-15&productId=DB-SG-G01\"" \""Opera/9.20 (Windows NT 6.0; U; en)\"" 484""}","198.35.2.120","SD0SL10FF6ADFF5239"
"2020-09-13T20:25:13.000+08:00","{""_time"": ""2020-09-13T12:25:13+00:00"", ""message"": ""198.35.2.120 - - [29/Jun/2024:19:27:32] \""GET /product.screen?productId=SF-BVS-G01&JSESSIONID=SD0SL10FF6ADFF5239 HTTP 1.1\"" 400 3818 \""http://www.buttercupgames.com/cart.do?action=view&itemId=EST-15\"" \""Opera/9.20 (Windows NT 6.0; U; en)\"" 127""}","198.35.2.120","SD0SL10FF6ADFF5239"
"2020-09-13T20:25:12.000+08:00","{""_time"": ""2020-09-13T12:25:12+00:00"", ""message"": ""198.35.2.120 - - [29/Jun/2024:19:27:33] \""GET /cart.do?action=view&itemId=EST-6&productId=WC-SH-G04&JSESSIONID=SD0SL10FF6ADFF5239 HTTP 1.1\"" 200 3451 \""http://www.buttercupgames.com/product.screen?productId=WC-SH-G04\"" \""Opera/9.20 (Windows NT 6.0; U; en)\"" 183""}","198.35.2.120","SD0SL10FF6ADFF5239"
"2020-09-13T20:25:11.000+08:00","{""_time"": ""2020-09-13T12:25:11+00:00"", ""message"": ""125.17.14.100 - - [29/Jun/2024:19:29:10] \""POST /product.screen?productId=WC-SH-A01&JSESSIONID=SD7SL2FF4ADFF5246 HTTP 1.1\"" 200 1772 \""http://www.yahoo.com\"" \""Mozilla/5.0 (Windows NT 6.1; WOW64) AppleWebKit/536.5 (KHTML; like Gecko) Chrome/19.0.1084.46 Safari/536.5\"" 343""}","125.17.14.100","SD7SL2FF4ADFF5246"
"2020-09-13T20:25:10.000+08:00","{""_time"": ""2020-09-13T12:25:10+00:00"", ""message"": ""125.17.14.100 - - [29/Jun/2024:19:29:11] \""GET /cart.do?action=view&itemId=EST-16&productId=DC-SG-G02&JSESSIONID=SD7SL2FF4ADFF5246 HTTP 1.1\"" 200 833 \""http://www.buttercupgames.com/oldlink?itemId=EST-16\"" \""Mozilla/5.0 (Windows NT 6.1; WOW64) AppleWebKit/536.5 (KHTML; like Gecko) Chrome/19.0.1084.46 Safari/536.5\"" 852""}","125.17.14.100","SD7SL2FF4ADFF5246"
"2020-09-13T20:25:09.000+08:00","{""_time"": ""2020-09-13T12:25:09+00:00"", ""message"": ""125.17.14.100 - - [29/Jun/2024:19:29:11] \""GET /cart.do?action=changequantity&itemId=EST-27&productId=PZ-SG-G05&JSESSIONID=SD7SL2FF4ADFF5246 HTTP 1.1\"" 200 1139 \""http://www.buttercupgames.com/product.screen?productId=PZ-SG-G05\"" \""Mozilla/5.0 (Windows NT 6.1; WOW64) AppleWebKit/536.5 (KHTML; like Gecko) Chrome/19.0.1084.46 Safari/536.5\"" 318""}","125.17.14.100","SD7SL2FF4ADFF5246"
"2020-09-13T20:25:08.000+08:00","{""_time"": ""2020-09-13T12:25:08+00:00"", ""message"": ""125.17.14.100 - - [29/Jun/2024:19:29:12] \""GET /product.screen?productId=SF-BVS-G01&JSESSIONID=SD7SL2FF4ADFF5246 HTTP 1.1\"" 505 697 \""http://www.buttercupgames.com/product.screen?productId=SF-BVS-G01\"" \""Mozilla/5.0 (Windows NT 6.1; WOW64) AppleWebKit/536.5 (KHTML; like Gecko) Chrome/19.0.1084.46 Safari/536.5\"" 897""}","125.17.14.100","SD7SL2FF4ADFF5246"
"2020-09-13T20:25:07.000+08:00","{""_time"": ""2020-09-13T12:25:07+00:00"", ""message"": ""125.17.14.100 - - [29/Jun/2024:19:29:12] \""GET /productscreen.html?t=ou812&JSESSIONID=SD7SL2FF4ADFF5246 HTTP 1.1\"" 404 676 \""http://www.buttercupgames.com/category.screen?categoryId=NULL\"" \""Mozilla/5.0 (Windows NT 6.1; WOW64) AppleWebKit/536.5 (KHTML; like Gecko) Chrome/19.0.1084.46 Safari/536.5\"" 568""}","125.17.14.100","SD7SL2FF4ADFF5246"
"2020-09-13T20:25:06.000+08:00","{""_time"": ""2020-09-13T12:25:06+00:00"", ""message"": ""125.17.14.100 - - [29/Jun/2024:19:29:13] \""GET /cart.do?action=view&itemId=EST-7&productId=WC-SH-T02&JSESSIONID=SD7SL2FF4ADFF5246 HTTP 1.1\"" 200 2528 \""http://www.buttercupgames.com/oldlink?itemId=EST-7\"" \""Mozilla/5.0 (Windows NT 6.1; WOW64) AppleWebKit/536.5 (KHTML; like Gecko) Chrome/19.0.1084.46 Safari/536.5\"" 107""}","125.17.14.100","SD7SL2FF4ADFF5246"
"2020-09-13T20:25:05.000+08:00","{""_time"": ""2020-09-13T12:25:05+00:00"", ""message"": ""125.17.14.100 - - [29/Jun/2024:19:29:14] \""GET /oldlink?itemId=EST-18&JSESSIONID=SD7SL2FF4ADFF5246 HTTP 1.1\"" 505 2818 \""http://www.buttercupgames.com/oldlink?itemId=EST-18\"" \""Mozilla/5.0 (Windows NT 6.1; WOW64) AppleWebKit/536.5 (KHTML; like Gecko) Chrome/19.0.1084.46 Safari/536.5\"" 638""}","125.17.14.100","SD7SL2FF4ADFF5246"
"2020-09-13T20:25:04.000+08:00","{""_time"": ""2020-09-13T12:25:04+00:00"", ""message"": ""125.17.14.100 - - [29/Jun/2024:19:29:15] \""GET /oldlink?itemId=EST-14&JSESSIONID=SD7SL2FF4ADFF5246 HTTP 1.1\"" 200 699 \""http://www.buttercupgames.com/oldlink?itemId=EST-14\"" \""Mozilla/5.0 (Windows NT 6.1; WOW64) AppleWebKit/536.5 (KHTML; like Gecko) Chrome/19.0.1084.46 Safari/536.5\"" 103""}","125.17.14.100","SD7SL2FF4ADFF5246"
"2020-09-13T20:25:03.000+08:00","{""_time"": ""2020-09-13T12:25:03+00:00"", ""message"": ""125.17.14.100 - - [29/Jun/2024:19:29:16] \""GET /passwords.pdf?JSESSIONID=SD7SL2FF4ADFF5246 HTTP 1.1\"" 404 2471 \""http://www.buttercupgames.com/product.screen?productId=SF-BVS-G01\"" \""Mozilla/5.0 (Windows NT 6.1; WOW64) AppleWebKit/536.5 (KHTML; like Gecko) Chrome/19.0.1084.46 Safari/536.5\"" 854""}","125.17.14.100","SD7SL2FF4ADFF5246"
"2020-09-13T20:25:02.000+08:00","{""_time"": ""2020-09-13T12:25:02+00:00"", ""message"": ""125.17.14.100 - - [29/Jun/2024:19:29:17] \""GET /cart.do?action=remove&itemId=EST-18&productId=WC-SH-A01&JSESSIONID=SD7SL2FF4ADFF5246 HTTP 1.1\"" 200 3346 \""http://www.buttercupgames.com/product.screen?productId=WC-SH-A01\"" \""Mozilla/5.0 (Windows NT 6.1; WOW64) AppleWebKit/536.5 (KHTML; like Gecko) Chrome/19.0.1084.46 Safari/536.5\"" 211""}","125.17.14.100","SD7SL2FF4ADFF5246"
"2020-09-13T20:25:01.000+08:00","{""_time"": ""2020-09-13T12:25:01+00:00"", ""message"": ""125.17.14.100 - - [29/Jun/2024:19:29:19] \""GET /product.screen?productId=FS-SG-G03&JSESSIONID=SD7SL2FF4ADFF5246 HTTP 1.1\"" 200 3001 \""http://www.buttercupgames.com/category.screen?categoryId=STRATEGY\"" \""Mozilla/5.0 (Windows NT 6.1; WOW64) AppleWebKit/536.5 (KHTML; like Gecko) Chrome/19.0.1084.46 Safari/536.5\"" 155""}","125.17.14.100","SD7SL2FF4ADFF5246"
"2020-09-13T20:25:00.000+08:00","{""_time"": ""2020-09-13T12:25:00+00:00"", ""message"": ""125.17.14.100 - - [29/Jun/2024:19:29:20] \""POST /cart.do?action=addtocart&itemId=EST-19&productId=FS-SG-G03&JSESSIONID=SD7SL2FF4ADFF5246 HTTP 1.1\"" 200 3220 \""http://www.buttercupgames.com/product.screen?productId=FS-SG-G03\"" \""Mozilla/5.0 (Windows NT 6.1; WOW64) AppleWebKit/536.5 (KHTML; like Gecko) Chrome/19.0.1084.46 Safari/536.5\"" 593""}","125.17.14.100","SD7SL2FF4ADFF5246"
"2020-09-13T20:24:59.000+08:00","{""_time"": ""2020-09-13T12:24:59+00:00"", ""message"": ""125.17.14.100 - - [29/Jun/2024:19:29:21] \""POST /cart.do?action=purchase&itemId=EST-19&JSESSIONID=SD7SL2FF4ADFF5246 HTTP 1.1\"" 200 2978 \""http://www.buttercupgames.com/cart.do?action=addtocart&itemId=EST-19&categoryId=STRATEGY&productId=FS-SG-G03\"" \""Mozilla/5.0 (Windows NT 6.1; WOW64) AppleWebKit/536.5 (KHTML; like Gecko) Chrome/19.0.1084.46 Safari/536.5\"" 649""}","125.17.14.100","SD7SL2FF4ADFF5246"
"2020-09-13T20:24:58.000+08:00","{""_time"": ""2020-09-13T12:24:58+00:00"", ""message"": ""125.17.14.100 - - [29/Jun/2024:19:29:21] \""POST /cart/success.do?JSESSIONID=SD7SL2FF4ADFF5246 HTTP 1.1\"" 200 3606 \""http://www.buttercupgames.com/cart.do?action=purchase&itemId=EST-19\"" \""Mozilla/5.0 (Windows NT 6.1; WOW64) AppleWebKit/536.5 (KHTML; like Gecko) Chrome/19.0.1084.46 Safari/536.5\"" 147""}","125.17.14.100","SD7SL2FF4ADFF5246"
"2020-09-13T20:24:57.000+08:00","{""_time"": ""2020-09-13T12:24:57+00:00"", ""message"": ""125.17.14.100 - - [29/Jun/2024:19:29:19] \""GET /product.screen?productId=SF-BVS-G01&JSESSIONID=SD7SL2FF4ADFF5246 HTTP 1.1\"" 500 936 \""http://www.buttercupgames.com/oldlink?itemId=EST-12\"" \""Mozilla/5.0 (Windows NT 6.1; WOW64) AppleWebKit/536.5 (KHTML; like Gecko) Chrome/19.0.1084.46 Safari/536.5\"" 576""}","125.17.14.100","SD7SL2FF4ADFF5246"
"2020-09-13T20:24:56.000+08:00","{""_time"": ""2020-09-13T12:24:56+00:00"", ""message"": ""188.138.40.166 - - [29/Jun/2024:19:32:10] \""GET /product.screen?productId=MB-AG-G07&JSESSIONID=SD0SL5FF6ADFF5249 HTTP 1.1\"" 200 3598 \""http://www.bing.com\"" \""Mozilla/5.0 (Windows; U; Windows NT 5.1; en-US; rv:1.9.2.28) Gecko/20120306 YFF3 Firefox/3.6.28 ( .NET CLR 3.5.30729; .NET4.0C)\"" 890""}","188.138.40.166","SD0SL5FF6ADFF5249"
"2020-09-13T20:24:55.000+08:00","{""_time"": ""2020-09-13T12:24:55+00:00"", ""message"": ""188.138.40.166 - - [29/Jun/2024:19:32:10] \""GET /oldlink?itemId=EST-21&JSESSIONID=SD0SL5FF6ADFF5249 HTTP 1.1\"" 200 2154 \""http://www.buttercupgames.com/category.screen?categoryId=SHOOTER\"" \""Mozilla/5.0 (Windows; U; Windows NT 5.1; en-US; rv:1.9.2.28) Gecko/20120306 YFF3 Firefox/3.6.28 ( .NET CLR 3.5.30729; .NET4.0C)\"" 919""}","188.138.40.166","SD0SL5FF6ADFF5249"
"2020-09-13T20:24:54.000+08:00","{""_time"": ""2020-09-13T12:24:54+00:00"", ""message"": ""188.138.40.166 - - [29/Jun/2024:19:32:11] \""POST /category.screen?categoryId=SHOOTER&JSESSIONID=SD0SL5FF6ADFF5249 HTTP 1.1\"" 200 2942 \""http://www.buttercupgames.com/cart.do?action=view&itemId=EST-19&productId=WC-SH-G04\"" \""Mozilla/5.0 (Windows; U; Windows NT 5.1; en-US; rv:1.9.2.28) Gecko/20120306 YFF3 Firefox/3.6.28 ( .NET CLR 3.5.30729; .NET4.0C)\"" 265""}","188.138.40.166","SD0SL5FF6ADFF5249"
"2020-09-13T20:24:53.000+08:00","{""_time"": ""2020-09-13T12:24:53+00:00"", ""message"": ""188.138.40.166 - - [29/Jun/2024:19:32:12] \""GET /oldlink?itemId=EST-21&JSESSIONID=SD0SL5FF6ADFF5249 HTTP 1.1\"" 200 1304 \""http://www.buttercupgames.com/cart.do?action=addtocart&itemId=EST-21&productId=SC-MG-G10\"" \""Mozilla/5.0 (Windows; U; Windows NT 5.1; en-US; rv:1.9.2.28) Gecko/20120306 YFF3 Firefox/3.6.28 ( .NET CLR 3.5.30729; .NET4.0C)\"" 192""}","188.138.40.166","SD0SL5FF6ADFF5249"
"2020-09-13T20:24:52.000+08:00","{""_time"": ""2020-09-13T12:24:52+00:00"", ""message"": ""188.138.40.166 - - [29/Jun/2024:19:32:12] \""POST /oldlink?itemId=EST-21&JSESSIONID=SD0SL5FF6ADFF5249 HTTP 1.1\"" 200 532 \""http://www.buttercupgames.com/category.screen?categoryId=SHOOTER\"" \""Mozilla/5.0 (Windows; U; Windows NT 5.1; en-US; rv:1.9.2.28) Gecko/20120306 YFF3 Firefox/3.6.28 ( .NET CLR 3.5.30729; .NET4.0C)\"" 774""}","188.138.40.166","SD0SL5FF6ADFF5249"
"2020-09-13T20:24:51.000+08:00","{""_time"": ""2020-09-13T12:24:51+00:00"", ""message"": ""188.138.40.166 - - [29/Jun/2024:19:32:13] \""GET /cart.do?action=view&itemId=EST-14&productId=WC-SH-T02&JSESSIONID=SD0SL5FF6ADFF5249 HTTP 1.1\"" 200 1702 \""http://www.buttercupgames.com/category.screen?categoryId=TEE\"" \""Mozilla/5.0 (Windows; U; Windows NT 5.1; en-US; rv:1.9.2.28) Gecko/20120306 YFF3 Firefox/3.6.28 ( .NET CLR 3.5.30729; .NET4.0C)\"" 572""}","188.138.40.166","SD0SL5FF6ADFF5249"
"2020-09-13T20:24:50.000+08:00","{""_time"": ""2020-09-13T12:24:50+00:00"", ""message"": ""188.138.40.166 - - [29/Jun/2024:19:32:14] \""GET /oldlink?itemId=EST-19&JSESSIONID=SD0SL5FF6ADFF5249 HTTP 1.1\"" 200 1661 \""http://www.buttercupgames.com/cart.do?action=addtocart&itemId=EST-19&productId=FI-AG-G08\"" \""Mozilla/5.0 (Windows; U; Windows NT 5.1; en-US; rv:1.9.2.28) Gecko/20120306 YFF3 Firefox/3.6.28 ( .NET CLR 3.5.30729; .NET4.0C)\"" 676""}","188.138.40.166","SD0SL5FF6ADFF5249"
"2020-09-13T20:24:49.000+08:00","{""_time"": ""2020-09-13T12:24:49+00:00"", ""message"": ""188.138.40.166 - - [29/Jun/2024:19:32:15] \""GET /product.screen?productId=SF-BVS-G01&JSESSIONID=SD0SL5FF6ADFF5249 HTTP 1.1\"" 400 1180 \""http://www.buttercupgames.com/oldlink?itemId=EST-13\"" \""Mozilla/5.0 (Windows; U; Windows NT 5.1; en-US; rv:1.9.2.28) Gecko/20120306 YFF3 Firefox/3.6.28 ( .NET CLR 3.5.30729; .NET4.0C)\"" 660""}","188.138.40.166","SD0SL5FF6ADFF5249"
"2020-09-13T20:24:48.000+08:00","{""_time"": ""2020-09-13T12:24:48+00:00"", ""message"": ""87.194.216.51 - - [29/Jun/2024:19:43:16] \""GET /oldlink?itemId=EST-17&JSESSIONID=SD8SL10FF4ADFF5315 HTTP 1.1\"" 200 2732 \""http://www.yahoo.com\"" \""Mozilla/5.0 (Windows NT 5.1) AppleWebKit/536.5 (KHTML; like Gecko) Chrome/19.0.1084.52 Safari/536.5\"" 345""}","87.194.216.51","SD8SL10FF4ADFF5315"
"2020-09-13T20:24:47.000+08:00","{""_time"": ""2020-09-13T12:24:47+00:00"", ""message"": ""198.35.1.75 - - [29/Jun/2024:19:45:49] \""GET /oldlink?itemId=EST-13&JSESSIONID=SD5SL5FF2ADFF5320 HTTP 1.1\"" 200 2601 \""http://www.google.com\"" \""Mozilla/5.0 (Windows NT 6.1; WOW64) AppleWebKit/536.5 (KHTML; like Gecko) Chrome/19.0.1084.46 Safari/536.5\"" 821""}","198.35.1.75","SD5SL5FF2ADFF5320"
"2020-09-13T20:24:46.000+08:00","{""_time"": ""2020-09-13T12:24:46+00:00"", ""message"": ""198.35.1.75 - - [29/Jun/2024:19:45:50] \""GET /cart.do?action=remove&itemId=EST-19&productId=BS-AG-G09&JSESSIONID=SD5SL5FF2ADFF5320 HTTP 1.1\"" 200 3102 \""http://www.buttercupgames.com/category.screen?categoryId=ARCADE\"" \""Mozilla/5.0 (Windows NT 6.1; WOW64) AppleWebKit/536.5 (KHTML; like Gecko) Chrome/19.0.1084.46 Safari/536.5\"" 117""}","198.35.1.75","SD5SL5FF2ADFF5320"
"2020-09-13T20:24:45.000+08:00","{""_time"": ""2020-09-13T12:24:45+00:00"", ""message"": ""198.35.1.75 - - [29/Jun/2024:19:45:51] \""GET /oldlink?itemId=EST-19&JSESSIONID=SD5SL5FF2ADFF5320 HTTP 1.1\"" 200 3738 \""http://www.buttercupgames.com/category.screen?categoryId=TEE\"" \""Mozilla/5.0 (Windows NT 6.1; WOW64) AppleWebKit/536.5 (KHTML; like Gecko) Chrome/19.0.1084.46 Safari/536.5\"" 299""}","198.35.1.75","SD5SL5FF2ADFF5320"
"2020-09-13T20:24:44.000+08:00","{""_time"": ""2020-09-13T12:24:44+00:00"", ""message"": ""198.35.1.75 - - [29/Jun/2024:19:45:51] \""GET /product.screen?productId=WC-SH-A01&JSESSIONID=SD5SL5FF2ADFF5320 HTTP 1.1\"" 200 2301 \""http://www.buttercupgames.com/cart.do?action=view&itemId=EST-19&productId=WC-SH-A01\"" \""Mozilla/5.0 (Windows NT 6.1; WOW64) AppleWebKit/536.5 (KHTML; like Gecko) Chrome/19.0.1084.46 Safari/536.5\"" 389""}","198.35.1.75","SD5SL5FF2ADFF5320"
"2020-09-13T20:24:43.000+08:00","{""_time"": ""2020-09-13T12:24:43+00:00"", ""message"": ""198.35.1.75 - - [29/Jun/2024:19:45:52] \""POST /oldlink?itemId=EST-19&JSESSIONID=SD5SL5FF2ADFF5320 HTTP 1.1\"" 200 858 \""http://www.buttercupgames.com/oldlink?itemId=EST-19\"" \""Mozilla/5.0 (Windows NT 6.1; WOW64) AppleWebKit/536.5 (KHTML; like Gecko) Chrome/19.0.1084.46 Safari/536.5\"" 812""}","198.35.1.75","SD5SL5FF2ADFF5320"
"2020-09-13T20:24:42.000+08:00","{""_time"": ""2020-09-13T12:24:42+00:00"", ""message"": ""198.35.1.75 - - [29/Jun/2024:19:45:53] \""GET /product.screen?productId=PZ-SG-G05&JSESSIONID=SD5SL5FF2ADFF5320 HTTP 1.1\"" 200 827 \""http://www.buttercupgames.com/oldlink?itemId=EST-17\"" \""Mozilla/5.0 (Windows NT 6.1; WOW64) AppleWebKit/536.5 (KHTML; like Gecko) Chrome/19.0.1084.46 Safari/536.5\"" 614""}","198.35.1.75","SD5SL5FF2ADFF5320"
"2020-09-13T20:24:41.000+08:00","{""_time"": ""2020-09-13T12:24:41+00:00"", ""message"": ""198.35.1.75 - - [29/Jun/2024:19:45:53] \""GET /category.screen?categoryId=NULL&JSESSIONID=SD5SL5FF2ADFF5320 HTTP 1.1\"" 500 658 \""http://www.buttercupgames.com/product.screen?productId=SF-BVS-G01\"" \""Mozilla/5.0 (Windows NT 6.1; WOW64) AppleWebKit/536.5 (KHTML; like Gecko) Chrome/19.0.1084.46 Safari/536.5\"" 641""}","198.35.1.75","SD5SL5FF2ADFF5320"
"2020-09-13T20:24:40.000+08:00","{""_time"": ""2020-09-13T12:24:40+00:00"", ""message"": ""198.35.1.75 - - [29/Jun/2024:19:45:54] \""POST /cart.do?action=addtocart&itemId=EST-19&productId=WC-SH-G04&JSESSIONID=SD5SL5FF2ADFF5320 HTTP 1.1\"" 200 3363 \""http://www.buttercupgames.com/oldlink?itemId=EST-19\"" \""Mozilla/5.0 (Windows NT 6.1; WOW64) AppleWebKit/536.5 (KHTML; like Gecko) Chrome/19.0.1084.46 Safari/536.5\"" 778""}","198.35.1.75","SD5SL5FF2ADFF5320"
"2020-09-13T20:24:39.000+08:00","{""_time"": ""2020-09-13T12:24:39+00:00"", ""message"": ""198.35.1.75 - - [29/Jun/2024:19:45:55] \""GET /oldlink?itemId=EST-6&JSESSIONID=SD5SL5FF2ADFF5320 HTTP 1.1\"" 200 2463 \""http://www.buttercupgames.com/cart.do?action=view&itemId=EST-6&productId=DB-SG-G01\"" \""Mozilla/5.0 (Windows NT 6.1; WOW64) AppleWebKit/536.5 (KHTML; like Gecko) Chrome/19.0.1084.46 Safari/536.5\"" 591""}","198.35.1.75","SD5SL5FF2ADFF5320"
"2020-09-13T20:24:38.000+08:00","{""_time"": ""2020-09-13T12:24:38+00:00"", ""message"": ""198.35.1.75 - - [29/Jun/2024:19:45:56] \""GET /product.screen?productId=DB-SG-G01&JSESSIONID=SD5SL5FF2ADFF5320 HTTP 1.1\"" 200 2749 \""http://www.buttercupgames.com/oldlink?itemId=EST-14\"" \""Mozilla/5.0 (Windows NT 6.1; WOW64) AppleWebKit/536.5 (KHTML; like Gecko) Chrome/19.0.1084.46 Safari/536.5\"" 727""}","198.35.1.75","SD5SL5FF2ADFF5320"
"2020-09-13T20:24:37.000+08:00","{""_time"": ""2020-09-13T12:24:37+00:00"", ""message"": ""125.7.55.180 - - [29/Jun/2024:19:50:23] \""GET /cart.do?action=addtocart&itemId=EST-18&productId=WC-SH-G04&JSESSIONID=SD2SL4FF8ADFF5354 HTTP 1.1\"" 200 2559 \""http://www.google.com\"" \""Mozilla/5.0 (Windows NT 6.1; WOW64) AppleWebKit/536.5 (KHTML; like Gecko) Chrome/19.0.1084.46 Safari/536.5\"" 333""}","125.7.55.180","SD2SL4FF8ADFF5354"
"2020-09-13T20:24:36.000+08:00","{""_time"": ""2020-09-13T12:24:36+00:00"", ""message"": ""125.7.55.180 - - [29/Jun/2024:19:50:23] \""GET /category.screen?categoryId=STRATEGY&JSESSIONID=SD2SL4FF8ADFF5354 HTTP 1.1\"" 200 693 \""http://www.buttercupgames.com/category.screen?categoryId=STRATEGY\"" \""Mozilla/5.0 (Windows NT 6.1; WOW64) AppleWebKit/536.5 (KHTML; like Gecko) Chrome/19.0.1084.46 Safari/536.5\"" 427""}","125.7.55.180","SD2SL4FF8ADFF5354"
"2020-09-13T20:24:35.000+08:00","{""_time"": ""2020-09-13T12:24:35+00:00"", ""message"": ""125.7.55.180 - - [29/Jun/2024:19:50:24] \""GET /category.screen?categoryId=STRATEGY&JSESSIONID=SD2SL4FF8ADFF5354 HTTP 1.1\"" 200 1418 \""http://www.buttercupgames.com/oldlink?itemId=EST-17\"" \""Mozilla/5.0 (Windows NT 6.1; WOW64) AppleWebKit/536.5 (KHTML; like Gecko) Chrome/19.0.1084.46 Safari/536.5\"" 728""}","125.7.55.180","SD2SL4FF8ADFF5354"
"2020-09-13T20:24:34.000+08:00","{""_time"": ""2020-09-13T12:24:34+00:00"", ""message"": ""125.7.55.180 - - [29/Jun/2024:19:50:25] \""POST /product.screen?productId=WC-SH-G04&JSESSIONID=SD2SL4FF8ADFF5354 HTTP 1.1\"" 200 2301 \""http://www.buttercupgames.com/category.screen?categoryId=SHOOTER\"" \""Mozilla/5.0 (Windows NT 6.1; WOW64) AppleWebKit/536.5 (KHTML; like Gecko) Chrome/19.0.1084.46 Safari/536.5\"" 343""}","125.7.55.180","SD2SL4FF8ADFF5354"
"2020-09-13T20:24:33.000+08:00","{""_time"": ""2020-09-13T12:24:33+00:00"", ""message"": ""125.7.55.180 - - [29/Jun/2024:19:50:27] \""POST /cart.do?action=addtocart&itemId=EST-27&JSESSIONID=SD2SL4FF8ADFF5354 HTTP 1.1\"" 503 2450 \""http://www.buttercupgames.com/oldlink?itemId=EST-27\"" \""Mozilla/5.0 (Windows NT 6.1; WOW64) AppleWebKit/536.5 (KHTML; like Gecko) Chrome/19.0.1084.46 Safari/536.5\"" 676""}","125.7.55.180","SD2SL4FF8ADFF5354"
"2020-09-13T20:24:32.000+08:00","{""_time"": ""2020-09-13T12:24:32+00:00"", ""message"": ""90.205.111.169 - - [29/Jun/2024:20:03:17] \""GET /category.screen?categoryId=SIMULATION&JSESSIONID=SD1SL8FF3ADFF5403 HTTP 1.1\"" 200 3713 \""http://www.yahoo.com\"" \""Mozilla/5.0 (Windows; U; Windows NT 5.1; en-US; rv:1.9.2.28) Gecko/20120306 YFF3 Firefox/3.6.28 ( .NET CLR 3.5.30729; .NET4.0C)\"" 501""}","90.205.111.169","SD1SL8FF3ADFF5403"
"2020-09-13T20:24:31.000+08:00","{""_time"": ""2020-09-13T12:24:31+00:00"", ""message"": ""90.205.111.169 - - [29/Jun/2024:20:03:18] \""GET /product.screen?productId=FS-SG-G03&JSESSIONID=SD1SL8FF3ADFF5403 HTTP 1.1\"" 200 2188 \""http://www.buttercupgames.com/product.screen?productId=FS-SG-G03\"" \""Mozilla/5.0 (Windows; U; Windows NT 5.1; en-US; rv:1.9.2.28) Gecko/20120306 YFF3 Firefox/3.6.28 ( .NET CLR 3.5.30729; .NET4.0C)\"" 350""}","90.205.111.169","SD1SL8FF3ADFF5403"
"2020-09-13T20:24:30.000+08:00","{""_time"": ""2020-09-13T12:24:30+00:00"", ""message"": ""81.11.191.113 - - [29/Jun/2024:20:05:42] \""POST /category.screen?categoryId=SHOOTER&JSESSIONID=SD10SL7FF8ADFF5413 HTTP 1.1\"" 200 222 \""http://www.buttercupgames.com\"" \""Mozilla/5.0 (Windows; U; Windows NT 5.1; en-US; rv:1.9.2.28) Gecko/20120306 YFF3 Firefox/3.6.28 ( .NET CLR 3.5.30729; .NET4.0C)\"" 878""}","81.11.191.113","SD10SL7FF8ADFF5413"
"2020-09-13T20:24:29.000+08:00","{""_time"": ""2020-09-13T12:24:29+00:00"", ""message"": ""81.11.191.113 - - [29/Jun/2024:20:05:43] \""POST /product.screen?productId=FI-AG-G08&JSESSIONID=SD10SL7FF8ADFF5413 HTTP 1.1\"" 200 2538 \""http://www.buttercupgames.com/category.screen?categoryId=ARCADE\"" \""Mozilla/5.0 (Windows; U; Windows NT 5.1; en-US; rv:1.9.2.28) Gecko/20120306 YFF3 Firefox/3.6.28 ( .NET CLR 3.5.30729; .NET4.0C)\"" 201""}","81.11.191.113","SD10SL7FF8ADFF5413"
"2020-09-13T20:24:28.000+08:00","{""_time"": ""2020-09-13T12:24:28+00:00"", ""message"": ""81.11.191.113 - - [29/Jun/2024:20:05:46] \""POST /cart.do?action=purchase&itemId=EST-7&JSESSIONID=SD10SL7FF8ADFF5413 HTTP 1.1\"" 200 2919 \""http://www.buttercupgames.com/cart.do?action=addtocart&itemId=EST-7&categoryId=ARCADE&productId=FI-AG-G08\"" \""Mozilla/5.0 (Windows; U; Windows NT 5.1; en-US; rv:1.9.2.28) Gecko/20120306 YFF3 Firefox/3.6.28 ( .NET CLR 3.5.30729; .NET4.0C)\"" 937""}","81.11.191.113","SD10SL7FF8ADFF5413"
"2020-09-13T20:24:27.000+08:00","{""_time"": ""2020-09-13T12:24:27+00:00"", ""message"": ""81.11.191.113 - - [29/Jun/2024:20:05:46] \""POST /cart.do?action=purchase&itemId=EST-7&JSESSIONID=SD10SL7FF8ADFF5413 HTTP 1.1\"" 200 2919 \""http://www.buttercupgames.com/cart.do?action=addtocart&itemId=EST-7&categoryId=ARCADE&productId=FI-AG-G08\"" \""Mozilla/5.0 (Windows; U; Windows NT 5.1; en-US; rv:1.9.2.28) Gecko/20120306 YFF3 Firefox/3.6.28 ( .NET CLR 3.5.30729; .NET4.0C)\"" 937""}","81.11.191.113","SD10SL7FF8ADFF5413"
"2020-09-13T20:24:26.000+08:00","{""_time"": ""2020-09-13T12:24:26+00:00"", ""message"": ""81.11.191.113 - - [29/Jun/2024:20:05:45] \""POST /cart.do?action=addtocart&itemId=EST-7&productId=FI-AG-G08&JSESSIONID=SD10SL7FF8ADFF5413 HTTP 1.1\"" 200 521 \""http://www.buttercupgames.com/product.screen?productId=FI-AG-G08\"" \""Mozilla/5.0 (Windows; U; Windows NT 5.1; en-US; rv:1.9.2.28) Gecko/20120306 YFF3 Firefox/3.6.28 ( .NET CLR 3.5.30729; .NET4.0C)\"" 887""}","81.11.191.113","SD10SL7FF8ADFF5413"
"2020-09-13T20:24:25.000+08:00","{""_time"": ""2020-09-13T12:24:25+00:00"", ""message"": ""81.11.191.113 - - [29/Jun/2024:20:05:44] \""GET /oldlink?itemId=EST-6&JSESSIONID=SD10SL7FF8ADFF5413 HTTP 1.1\"" 200 2058 \""http://www.buttercupgames.com/cart.do?action=view&itemId=EST-6&productId=WC-SH-A01\"" \""Mozilla/5.0 (Windows; U; Windows NT 5.1; en-US; rv:1.9.2.28) Gecko/20120306 YFF3 Firefox/3.6.28 ( .NET CLR 3.5.30729; .NET4.0C)\"" 643""}","81.11.191.113","SD10SL7FF8ADFF5413"
"2020-09-13T20:24:24.000+08:00","{""_time"": ""2020-09-13T12:24:24+00:00"", ""message"": ""81.11.191.113 - - [29/Jun/2024:20:05:44] \""GET /oldlink?itemId=EST-6&JSESSIONID=SD10SL7FF8ADFF5413 HTTP 1.1\"" 200 2058 \""http://www.buttercupgames.com/cart.do?action=view&itemId=EST-6&productId=WC-SH-A01\"" \""Mozilla/5.0 (Windows; U; Windows NT 5.1; en-US; rv:1.9.2.28) Gecko/20120306 YFF3 Firefox/3.6.28 ( .NET CLR 3.5.30729; .NET4.0C)\"" 643""}","81.11.191.113","SD10SL7FF8ADFF5413"
"2020-09-13T20:24:23.000+08:00","{""_time"": ""2020-09-13T12:24:23+00:00"", ""message"": ""81.11.191.113 - - [29/Jun/2024:20:05:44] \""GET /oldlink?itemId=EST-18&JSESSIONID=SD10SL7FF8ADFF5413 HTTP 1.1\"" 200 266 \""http://www.buttercupgames.com/category.screen?categoryId=ACCESSORIES\"" \""Mozilla/5.0 (Windows; U; Windows NT 5.1; en-US; rv:1.9.2.28) Gecko/20120306 YFF3 Firefox/3.6.28 ( .NET CLR 3.5.30729; .NET4.0C)\"" 961""}","81.11.191.113","SD10SL7FF8ADFF5413"
"2020-09-13T20:24:22.000+08:00","{""_time"": ""2020-09-13T12:24:22+00:00"", ""message"": ""81.11.191.113 - - [29/Jun/2024:20:05:45] \""GET /category.screen?categoryId=STRATEGY&JSESSIONID=SD10SL7FF8ADFF5413 HTTP 1.1\"" 200 986 \""http://www.buttercupgames.com/cart.do?action=addtocart&itemId=EST-17&productId=PZ-SG-G05\"" \""Mozilla/5.0 (Windows; U; Windows NT 5.1; en-US; rv:1.9.2.28) Gecko/20120306 YFF3 Firefox/3.6.28 ( .NET CLR 3.5.30729; .NET4.0C)\"" 553""}","81.11.191.113","SD10SL7FF8ADFF5413"
"2020-09-13T20:24:21.000+08:00","{""_time"": ""2020-09-13T12:24:21+00:00"", ""message"": ""81.11.191.113 - - [29/Jun/2024:20:05:46] \""GET /oldlink?itemId=EST-7&JSESSIONID=SD10SL7FF8ADFF5413 HTTP 1.1\"" 406 3531 \""http://www.buttercupgames.com/oldlink?itemId=EST-7\"" \""Mozilla/5.0 (Windows; U; Windows NT 5.1; en-US; rv:1.9.2.28) Gecko/20120306 YFF3 Firefox/3.6.28 ( .NET CLR 3.5.30729; .NET4.0C)\"" 952""}","81.11.191.113","SD10SL7FF8ADFF5413"
"2020-09-13T20:24:20.000+08:00","{""_time"": ""2020-09-13T12:24:20+00:00"", ""message"": ""81.11.191.113 - - [29/Jun/2024:20:05:47] \""GET /oldlink?itemId=EST-7&JSESSIONID=SD10SL7FF8ADFF5413 HTTP 1.1\"" 500 1317 \""http://www.buttercupgames.com/cart.do?action=view&itemId=EST-7\"" \""Mozilla/5.0 (Windows; U; Windows NT 5.1; en-US; rv:1.9.2.28) Gecko/20120306 YFF3 Firefox/3.6.28 ( .NET CLR 3.5.30729; .NET4.0C)\"" 910""}","81.11.191.113","SD10SL7FF8ADFF5413"
"2020-09-13T20:24:19.000+08:00","{""_time"": ""2020-09-13T12:24:19+00:00"", ""message"": ""85.62.218.82 - - [29/Jun/2024:20:15:23] \""GET /category.screen?categoryId=SIMULATION&JSESSIONID=SD6SL1FF3ADFF5447 HTTP 1.1\"" 200 3693 \""http://www.yahoo.com\"" \""Mozilla/5.0 (compatible; MSIE 9.0; Windows NT 6.1; WOW64; Trident/5.0; BOIE9;ENUS)\"" 127""}","85.62.218.82","SD6SL1FF3ADFF5447"
"2020-09-13T20:24:18.000+08:00","{""_time"": ""2020-09-13T12:24:18+00:00"", ""message"": ""85.62.218.82 - - [29/Jun/2024:20:15:24] \""GET /oldlink?itemId=EST-18&JSESSIONID=SD6SL1FF3ADFF5447 HTTP 1.1\"" 503 664 \""http://www.buttercupgames.com/category.screen?categoryId=NULL\"" \""Mozilla/5.0 (compatible; MSIE 9.0; Windows NT 6.1; WOW64; Trident/5.0; BOIE9;ENUS)\"" 381""}","85.62.218.82","SD6SL1FF3ADFF5447"
"2020-09-13T20:24:17.000+08:00","{""_time"": ""2020-09-13T12:24:17+00:00"", ""message"": ""2.229.4.58 - - [29/Jun/2024:20:17:52] \""GET /cart.do?action=addtocart&itemId=EST-18&productId=SC-MG-G10&JSESSIONID=SD2SL4FF3ADFF5462 HTTP 1.1\"" 200 2009 \""http://www.google.com\"" \""Googlebot/2.1 ( http://www.googlebot.com/bot.html)\"" 102""}","2.229.4.58","SD2SL4FF3ADFF5462"
"2020-09-13T20:24:16.000+08:00","{""_time"": ""2020-09-13T12:24:16+00:00"", ""message"": ""2.229.4.58 - - [29/Jun/2024:20:17:52] \""POST /product.screen?productId=FI-AG-G08&JSESSIONID=SD2SL4FF3ADFF5462 HTTP 1.1\"" 200 1997 \""http://www.buttercupgames.com/product.screen?productId=FI-AG-G08\"" \""Googlebot/2.1 ( http://www.googlebot.com/bot.html)\"" 496""}","2.229.4.58","SD2SL4FF3ADFF5462"
"2020-09-13T20:24:15.000+08:00","{""_time"": ""2020-09-13T12:24:15+00:00"", ""message"": ""2.229.4.58 - - [29/Jun/2024:20:17:53] \""POST /category.screen?categoryId=SIMULATION&JSESSIONID=SD2SL4FF3ADFF5462 HTTP 1.1\"" 200 563 \""http://www.buttercupgames.com/category.screen?categoryId=SIMULATION\"" \""Googlebot/2.1 ( http://www.googlebot.com/bot.html)\"" 135""}","2.229.4.58","SD2SL4FF3ADFF5462"
"2020-09-13T20:24:14.000+08:00","{""_time"": ""2020-09-13T12:24:14+00:00"", ""message"": ""2.229.4.58 - - [29/Jun/2024:20:17:54] \""GET /product.screen?productId=BS-AG-G09&JSESSIONID=SD2SL4FF3ADFF5462 HTTP 1.1\"" 200 3743 \""http://www.buttercupgames.com/cart.do?action=view&itemId=EST-15&productId=BS-AG-G09\"" \""Googlebot/2.1 ( http://www.googlebot.com/bot.html)\"" 969""}","2.229.4.58","SD2SL4FF3ADFF5462"
"2020-09-13T20:24:13.000+08:00","{""_time"": ""2020-09-13T12:24:13+00:00"", ""message"": ""2.229.4.58 - - [29/Jun/2024:20:17:55] \""POST /oldlink?itemId=EST-18&JSESSIONID=SD2SL4FF3ADFF5462 HTTP 1.1\"" 200 777 \""http://www.buttercupgames.com/oldlink?itemId=EST-18\"" \""Googlebot/2.1 ( http://www.googlebot.com/bot.html)\"" 515""}","2.229.4.58","SD2SL4FF3ADFF5462"
"2020-09-13T20:24:12.000+08:00","{""_time"": ""2020-09-13T12:24:12+00:00"", ""message"": ""2.229.4.58 - - [29/Jun/2024:20:17:56] \""GET /category.screen?categoryId=STRATEGY&JSESSIONID=SD2SL4FF3ADFF5462 HTTP 1.1\"" 200 1560 \""http://www.buttercupgames.com/oldlink?itemId=EST-12\"" \""Googlebot/2.1 ( http://www.googlebot.com/bot.html)\"" 489""}","2.229.4.58","SD2SL4FF3ADFF5462"
"2020-09-13T20:24:11.000+08:00","{""_time"": ""2020-09-13T12:24:11+00:00"", ""message"": ""2.229.4.58 - - [29/Jun/2024:20:17:57] \""GET /product.screen?productId=SF-BVS-G01&JSESSIONID=SD2SL4FF3ADFF5462 HTTP 1.1\"" 408 1695 \""http://www.buttercupgames.com/category.screen?categoryId=NULL\"" \""Googlebot/2.1 ( http://www.googlebot.com/bot.html)\"" 234""}","2.229.4.58","SD2SL4FF3ADFF5462"
"2020-09-13T20:24:10.000+08:00","{""_time"": ""2020-09-13T12:24:10+00:00"", ""message"": ""2.229.4.58 - - [29/Jun/2024:20:17:57] \""GET /category.screen?categoryId=SIMULATION&JSESSIONID=SD2SL4FF3ADFF5462 HTTP 1.1\"" 200 223 \""http://www.buttercupgames.com/product.screen?productId=SC-MG-G10\"" \""Googlebot/2.1 ( http://www.googlebot.com/bot.html)\"" 876""}","2.229.4.58","SD2SL4FF3ADFF5462"
"2020-09-13T20:24:09.000+08:00","{""_time"": ""2020-09-13T12:24:09+00:00"", ""message"": ""2.229.4.58 - - [29/Jun/2024:20:17:58] \""GET /category.screen?categoryId=ARCADE&JSESSIONID=SD2SL4FF3ADFF5462 HTTP 1.1\"" 200 2924 \""http://www.buttercupgames.com/oldlink?itemId=EST-14\"" \""Googlebot/2.1 ( http://www.googlebot.com/bot.html)\"" 365""}","2.229.4.58","SD2SL4FF3ADFF5462"
"2020-09-13T20:24:08.000+08:00","{""_time"": ""2020-09-13T12:24:08+00:00"", ""message"": ""2.229.4.58 - - [29/Jun/2024:20:17:59] \""GET /category.screen?categoryId=ARCADE&JSESSIONID=SD2SL4FF3ADFF5462 HTTP 1.1\"" 200 3717 \""http://www.buttercupgames.com/category.screen?categoryId=ARCADE\"" \""Googlebot/2.1 ( http://www.googlebot.com/bot.html)\"" 878""}","2.229.4.58","SD2SL4FF3ADFF5462"
"2020-09-13T20:24:07.000+08:00","{""_time"": ""2020-09-13T12:24:07+00:00"", ""message"": ""2.229.4.58 - - [29/Jun/2024:20:17:59] \""GET /cart.do?action=purchase&itemId=EST-26&JSESSIONID=SD2SL4FF3ADFF5462 HTTP 1.1\"" 505 1079 \""http://www.buttercupgames.com/category.screen?categoryId=NULL\"" \""Googlebot/2.1 ( http://www.googlebot.com/bot.html)\"" 824""}","2.229.4.58","SD2SL4FF3ADFF5462"
"2020-09-13T20:24:06.000+08:00","{""_time"": ""2020-09-13T12:24:06+00:00"", ""message"": ""2.229.4.58 - - [29/Jun/2024:20:17:59] \""GET /product.screen?productId=SF-BVS-G01&JSESSIONID=SD2SL4FF3ADFF5462 HTTP 1.1\"" 408 2821 \""http://www.buttercupgames.com/cart.do?action=addtocart&itemId=EST-27\"" \""Googlebot/2.1 ( http://www.googlebot.com/bot.html)\"" 457""}","2.229.4.58","SD2SL4FF3ADFF5462"
"2020-09-13T20:24:05.000+08:00","{""_time"": ""2020-09-13T12:24:05+00:00"", ""message"": ""27.101.11.11 - - [29/Jun/2024:20:37:27] \""POST /category.screen?categoryId=TEE&JSESSIONID=SD3SL6FF8ADFF5561 HTTP 1.1\"" 200 2295 \""http://www.bing.com\"" \""Mozilla/5.0 (Windows NT 5.1) AppleWebKit/536.5 (KHTML; like Gecko) Chrome/19.0.1084.52 Safari/536.5\"" 107""}","27.101.11.11","SD3SL6FF8ADFF5561"
"2020-09-13T20:24:04.000+08:00","{""_time"": ""2020-09-13T12:24:04+00:00"", ""message"": ""27.101.11.11 - - [29/Jun/2024:20:37:28] \""POST /cart.do?action=addtocart&itemId=EST-26&productId=FI-AG-G08&JSESSIONID=SD3SL6FF8ADFF5561 HTTP 1.1\"" 200 833 \""http://www.buttercupgames.com/cart.do?action=addtocart&itemId=EST-26&productId=FI-AG-G08\"" \""Mozilla/5.0 (Windows NT 5.1) AppleWebKit/536.5 (KHTML; like Gecko) Chrome/19.0.1084.52 Safari/536.5\"" 155""}","27.101.11.11","SD3SL6FF8ADFF5561"
"2020-09-13T20:24:03.000+08:00","{""_time"": ""2020-09-13T12:24:03+00:00"", ""message"": ""27.101.11.11 - - [29/Jun/2024:20:37:29] \""GET /cart.do?action=view&itemId=EST-17&productId=MB-AG-T01&JSESSIONID=SD3SL6FF8ADFF5561 HTTP 1.1\"" 200 3156 \""http://www.buttercupgames.com/product.screen?productId=MB-AG-T01\"" \""Mozilla/5.0 (Windows NT 5.1) AppleWebKit/536.5 (KHTML; like Gecko) Chrome/19.0.1084.52 Safari/536.5\"" 745""}","27.101.11.11","SD3SL6FF8ADFF5561"
"2020-09-13T20:24:02.000+08:00","{""_time"": ""2020-09-13T12:24:02+00:00"", ""message"": ""27.101.11.11 - - [29/Jun/2024:20:37:30] \""GET /product.screen?productId=DC-SG-G02&JSESSIONID=SD3SL6FF8ADFF5561 HTTP 1.1\"" 200 514 \""http://www.buttercupgames.com/category.screen?categoryId=STRATEGY\"" \""Mozilla/5.0 (Windows NT 5.1) AppleWebKit/536.5 (KHTML; like Gecko) Chrome/19.0.1084.52 Safari/536.5\"" 945""}","27.101.11.11","SD3SL6FF8ADFF5561"
"2020-09-13T20:24:01.000+08:00","{""_time"": ""2020-09-13T12:24:01+00:00"", ""message"": ""27.101.11.11 - - [29/Jun/2024:20:37:31] \""POST /cart.do?action=addtocart&itemId=EST-26&productId=DC-SG-G02&JSESSIONID=SD3SL6FF8ADFF5561 HTTP 1.1\"" 200 3557 \""http://www.buttercupgames.com/product.screen?productId=DC-SG-G02\"" \""Mozilla/5.0 (Windows NT 5.1) AppleWebKit/536.5 (KHTML; like Gecko) Chrome/19.0.1084.52 Safari/536.5\"" 277""}","27.101.11.11","SD3SL6FF8ADFF5561"
"2020-09-13T20:24:00.000+08:00","{""_time"": ""2020-09-13T12:24:00+00:00"", ""message"": ""27.101.11.11 - - [29/Jun/2024:20:37:32] \""POST /cart.do?action=purchase&itemId=EST-26&JSESSIONID=SD3SL6FF8ADFF5561 HTTP 1.1\"" 200 1100 \""http://www.buttercupgames.com/cart.do?action=addtocart&itemId=EST-26&categoryId=STRATEGY&productId=DC-SG-G02\"" \""Mozilla/5.0 (Windows NT 5.1) AppleWebKit/536.5 (KHTML; like Gecko) Chrome/19.0.1084.52 Safari/536.5\"" 909""}","27.101.11.11","SD3SL6FF8ADFF5561"
"2020-09-13T20:23:59.000+08:00","{""_time"": ""2020-09-13T12:23:59+00:00"", ""message"": ""27.101.11.11 - - [29/Jun/2024:20:37:32] \""POST /cart/success.do?JSESSIONID=SD3SL6FF8ADFF5561 HTTP 1.1\"" 200 2173 \""http://www.buttercupgames.com/cart.do?action=purchase&itemId=EST-26\"" \""Mozilla/5.0 (Windows NT 5.1) AppleWebKit/536.5 (KHTML; like Gecko) Chrome/19.0.1084.52 Safari/536.5\"" 600""}","27.101.11.11","SD3SL6FF8ADFF5561"
"2020-09-13T20:23:58.000+08:00","{""_time"": ""2020-09-13T12:23:58+00:00"", ""message"": ""27.101.11.11 - - [29/Jun/2024:20:37:30] \""POST /product.screen?productId=DC-SG-G02&JSESSIONID=SD3SL6FF8ADFF5561 HTTP 1.1\"" 200 1122 \""http://www.buttercupgames.com/cart.do?action=remove&itemId=EST-26&productId=DC-SG-G02\"" \""Mozilla/5.0 (Windows NT 5.1) AppleWebKit/536.5 (KHTML; like Gecko) Chrome/19.0.1084.52 Safari/536.5\"" 853""}","27.101.11.11","SD3SL6FF8ADFF5561"
"2020-09-13T20:23:57.000+08:00","{""_time"": ""2020-09-13T12:23:57+00:00"", ""message"": ""175.44.3.30 - - [29/Jun/2024:20:57:59] \""GET /product.screen?productId=WC-SH-A02&JSESSIONID=SD0SL1FF9ADFF5673 HTTP 1.1\"" 200 588 \""http://www.google.com\"" \""Mozilla/5.0 (iPad; CPU OS 5_1_1 like Mac OS X) AppleWebKit/534.46 (KHTML; like Gecko) Version/5.1 Mobile/9B206 Safari/7534.48.3\"" 360""}","175.44.3.30","SD0SL1FF9ADFF5673"
"2020-09-13T20:23:56.000+08:00","{""_time"": ""2020-09-13T12:23:56+00:00"", ""message"": ""175.44.3.30 - - [29/Jun/2024:20:57:59] \""GET /category.screen?categoryId=STRATEGY&JSESSIONID=SD0SL1FF9ADFF5673 HTTP 1.1\"" 200 2037 \""http://www.buttercupgames.com/product.screen?productId=DB-SG-G01\"" \""Mozilla/5.0 (iPad; CPU OS 5_1_1 like Mac OS X) AppleWebKit/534.46 (KHTML; like Gecko) Version/5.1 Mobile/9B206 Safari/7534.48.3\"" 969""}","175.44.3.30","SD0SL1FF9ADFF5673"
"2020-09-13T20:23:55.000+08:00","{""_time"": ""2020-09-13T12:23:55+00:00"", ""message"": ""175.44.3.30 - - [29/Jun/2024:20:58:00] \""GET /oldlink?itemId=EST-7&JSESSIONID=SD0SL1FF9ADFF5673 HTTP 1.1\"" 200 1997 \""http://www.buttercupgames.com/cart.do?action=view&itemId=EST-7&productId=DB-SG-G01\"" \""Mozilla/5.0 (iPad; CPU OS 5_1_1 like Mac OS X) AppleWebKit/534.46 (KHTML; like Gecko) Version/5.1 Mobile/9B206 Safari/7534.48.3\"" 266""}","175.44.3.30","SD0SL1FF9ADFF5673"
"2020-09-13T20:23:54.000+08:00","{""_time"": ""2020-09-13T12:23:54+00:00"", ""message"": ""175.44.3.30 - - [29/Jun/2024:20:58:01] \""POST /category.screen?categoryId=ACCESSORIES&JSESSIONID=SD0SL1FF9ADFF5673 HTTP 1.1\"" 200 1877 \""http://www.buttercupgames.com/oldlink?itemId=EST-7\"" \""Mozilla/5.0 (iPad; CPU OS 5_1_1 like Mac OS X) AppleWebKit/534.46 (KHTML; like Gecko) Version/5.1 Mobile/9B206 Safari/7534.48.3\"" 761""}","175.44.3.30","SD0SL1FF9ADFF5673"
"2020-09-13T20:23:53.000+08:00","{""_time"": ""2020-09-13T12:23:53+00:00"", ""message"": ""128.241.220.82 - - [29/Jun/2024:21:06:45] \""GET /category.screen?categoryId=ARCADE&JSESSIONID=SD9SL8FF7ADFF5705 HTTP 1.1\"" 200 206 \""http://www.bing.com\"" \""Mozilla/5.0 (compatible; Googlebot/2.1; +http://www.google.com/bot.html)\"" 322""}","128.241.220.82","SD9SL8FF7ADFF5705"
"2020-09-13T20:23:52.000+08:00","{""_time"": ""2020-09-13T12:23:52+00:00"", ""message"": ""128.241.220.82 - - [29/Jun/2024:21:06:46] \""POST /category.screen?categoryId=ARCADE&JSESSIONID=SD9SL8FF7ADFF5705 HTTP 1.1\"" 200 1010 \""http://www.buttercupgames.com/product.screen?productId=MB-AG-G07\"" \""Mozilla/5.0 (compatible; Googlebot/2.1; +http://www.google.com/bot.html)\"" 998""}","128.241.220.82","SD9SL8FF7ADFF5705"
"2020-09-13T20:23:51.000+08:00","{""_time"": ""2020-09-13T12:23:51+00:00"", ""message"": ""128.241.220.82 - - [29/Jun/2024:21:06:46] \""POST /oldlink?itemId=EST-17&JSESSIONID=SD9SL8FF7ADFF5705 HTTP 1.1\"" 200 1509 \""http://www.buttercupgames.com/cart.do?action=changequantity&itemId=EST-17&productId=MB-AG-G07\"" \""Mozilla/5.0 (compatible; Googlebot/2.1; +http://www.google.com/bot.html)\"" 581""}","128.241.220.82","SD9SL8FF7ADFF5705"
"2020-09-13T20:23:50.000+08:00","{""_time"": ""2020-09-13T12:23:50+00:00"", ""message"": ""128.241.220.82 - - [29/Jun/2024:21:06:47] \""GET /cart.do?action=view&itemId=EST-26&productId=WC-SH-A01&JSESSIONID=SD9SL8FF7ADFF5705 HTTP 1.1\"" 200 3762 \""http://www.buttercupgames.com/product.screen?productId=WC-SH-A01\"" \""Mozilla/5.0 (compatible; Googlebot/2.1; +http://www.google.com/bot.html)\"" 205""}","128.241.220.82","SD9SL8FF7ADFF5705"
"2020-09-13T20:23:49.000+08:00","{""_time"": ""2020-09-13T12:23:49+00:00"", ""message"": ""128.241.220.82 - - [29/Jun/2024:21:06:48] \""GET /category.screen?categoryId=ACCESSORIES&JSESSIONID=SD9SL8FF7ADFF5705 HTTP 1.1\"" 200 1428 \""http://www.buttercupgames.com/category.screen?categoryId=ACCESSORIES\"" \""Mozilla/5.0 (compatible; Googlebot/2.1; +http://www.google.com/bot.html)\"" 737""}","128.241.220.82","SD9SL8FF7ADFF5705"
"2020-09-13T20:23:48.000+08:00","{""_time"": ""2020-09-13T12:23:48+00:00"", ""message"": ""88.12.32.208 - - [29/Jun/2024:21:12:46] \""POST /category.screen?categoryId=SHOOTER&JSESSIONID=SD1SL1FF3ADFF5727 HTTP 1.1\"" 200 2818 \""http://www.buttercupgames.com\"" \""Mozilla/5.0 (Windows NT 5.1) AppleWebKit/536.5 (KHTML; like Gecko) Chrome/19.0.1084.52 Safari/536.5\"" 490""}","88.12.32.208","SD1SL1FF3ADFF5727"
"2020-09-13T20:23:47.000+08:00","{""_time"": ""2020-09-13T12:23:47+00:00"", ""message"": ""88.12.32.208 - - [29/Jun/2024:21:12:46] \""POST /cart.do?action=addtocart&itemId=EST-27&productId=WC-SH-A01&JSESSIONID=SD1SL1FF3ADFF5727 HTTP 1.1\"" 200 3932 \""http://www.buttercupgames.com/category.screen?categoryId=ACCESSORIES\"" \""Mozilla/5.0 (Windows NT 5.1) AppleWebKit/536.5 (KHTML; like Gecko) Chrome/19.0.1084.52 Safari/536.5\"" 461""}","88.12.32.208","SD1SL1FF3ADFF5727"
"2020-09-13T20:23:46.000+08:00","{""_time"": ""2020-09-13T12:23:46+00:00"", ""message"": ""88.12.32.208 - - [29/Jun/2024:21:12:47] \""GET /product.screen?productId=MB-AG-T01&JSESSIONID=SD1SL1FF3ADFF5727 HTTP 1.1\"" 200 1312 \""http://www.buttercupgames.com/category.screen?categoryId=TEE\"" \""Mozilla/5.0 (Windows NT 5.1) AppleWebKit/536.5 (KHTML; like Gecko) Chrome/19.0.1084.52 Safari/536.5\"" 884""}","88.12.32.208","SD1SL1FF3ADFF5727"
"2020-09-13T20:23:45.000+08:00","{""_time"": ""2020-09-13T12:23:45+00:00"", ""message"": ""88.12.32.208 - - [29/Jun/2024:21:12:48] \""POST /cart.do?action=addtocart&itemId=EST-17&productId=MB-AG-T01&JSESSIONID=SD1SL1FF3ADFF5727 HTTP 1.1\"" 200 2313 \""http://www.buttercupgames.com/product.screen?productId=MB-AG-T01\"" \""Mozilla/5.0 (Windows NT 5.1) AppleWebKit/536.5 (KHTML; like Gecko) Chrome/19.0.1084.52 Safari/536.5\"" 752""}","88.12.32.208","SD1SL1FF3ADFF5727"
"2020-09-13T20:23:44.000+08:00","{""_time"": ""2020-09-13T12:23:44+00:00"", ""message"": ""88.12.32.208 - - [29/Jun/2024:21:12:49] \""POST /cart.do?action=purchase&itemId=EST-17&JSESSIONID=SD1SL1FF3ADFF5727 HTTP 1.1\"" 200 3549 \""http://www.buttercupgames.com/cart.do?action=addtocart&itemId=EST-17&categoryId=TEE&productId=MB-AG-T01\"" \""Mozilla/5.0 (Windows NT 5.1) AppleWebKit/536.5 (KHTML; like Gecko) Chrome/19.0.1084.52 Safari/536.5\"" 895""}","88.12.32.208","SD1SL1FF3ADFF5727"
"2020-09-13T20:23:43.000+08:00","{""_time"": ""2020-09-13T12:23:43+00:00"", ""message"": ""88.12.32.208 - - [29/Jun/2024:21:12:49] \""POST /cart/success.do?JSESSIONID=SD1SL1FF3ADFF5727 HTTP 1.1\"" 200 2442 \""http://www.buttercupgames.com/cart.do?action=purchase&itemId=EST-17\"" \""Mozilla/5.0 (Windows NT 5.1) AppleWebKit/536.5 (KHTML; like Gecko) Chrome/19.0.1084.52 Safari/536.5\"" 436""}","88.12.32.208","SD1SL1FF3ADFF5727"
"2020-09-13T20:23:42.000+08:00","{""_time"": ""2020-09-13T12:23:42+00:00"", ""message"": ""88.12.32.208 - - [29/Jun/2024:21:12:47] \""GET /cart.do?action=addtocart&itemId=EST-27&productId=WC-SH-G04&JSESSIONID=SD1SL1FF3ADFF5727 HTTP 1.1\"" 200 3593 \""http://www.buttercupgames.com/product.screen?productId=WC-SH-G04\"" \""Mozilla/5.0 (Windows NT 5.1) AppleWebKit/536.5 (KHTML; like Gecko) Chrome/19.0.1084.52 Safari/536.5\"" 773""}","88.12.32.208","SD1SL1FF3ADFF5727"
"2020-09-13T20:23:41.000+08:00","{""_time"": ""2020-09-13T12:23:41+00:00"", ""message"": ""88.12.32.208 - - [29/Jun/2024:21:12:49] \""GET /product.screen?productId=SC-MG-G10&JSESSIONID=SD1SL1FF3ADFF5727 HTTP 1.1\"" 200 326 \""http://www.buttercupgames.com/product.screen?productId=SC-MG-G10\"" \""Mozilla/5.0 (Windows NT 5.1) AppleWebKit/536.5 (KHTML; like Gecko) Chrome/19.0.1084.52 Safari/536.5\"" 450""}","88.12.32.208","SD1SL1FF3ADFF5727"
"2020-09-13T20:23:40.000+08:00","{""_time"": ""2020-09-13T12:23:40+00:00"", ""message"": ""88.12.32.208 - - [29/Jun/2024:21:12:50] \""GET /product.screen?productId=FS-SG-G03&JSESSIONID=SD1SL1FF3ADFF5727 HTTP 1.1\"" 200 1363 \""http://www.buttercupgames.com/category.screen?categoryId=STRATEGY\"" \""Mozilla/5.0 (Windows NT 5.1) AppleWebKit/536.5 (KHTML; like Gecko) Chrome/19.0.1084.52 Safari/536.5\"" 566""}","88.12.32.208","SD1SL1FF3ADFF5727"
"2020-09-13T20:23:39.000+08:00","{""_time"": ""2020-09-13T12:23:39+00:00"", ""message"": ""88.12.32.208 - - [29/Jun/2024:21:12:51] \""POST /cart.do?action=addtocart&itemId=EST-15&productId=FS-SG-G03&JSESSIONID=SD1SL1FF3ADFF5727 HTTP 1.1\"" 200 1870 \""http://www.buttercupgames.com/product.screen?productId=FS-SG-G03\"" \""Mozilla/5.0 (Windows NT 5.1) AppleWebKit/536.5 (KHTML; like Gecko) Chrome/19.0.1084.52 Safari/536.5\"" 897""}","88.12.32.208","SD1SL1FF3ADFF5727"
"2020-09-13T20:23:38.000+08:00","{""_time"": ""2020-09-13T12:23:38+00:00"", ""message"": ""88.12.32.208 - - [29/Jun/2024:21:12:52] \""POST /cart.do?action=purchase&itemId=EST-15&JSESSIONID=SD1SL1FF3ADFF5727 HTTP 1.1\"" 200 2435 \""http://www.buttercupgames.com/cart.do?action=addtocart&itemId=EST-15&categoryId=STRATEGY&productId=FS-SG-G03\"" \""Mozilla/5.0 (Windows NT 5.1) AppleWebKit/536.5 (KHTML; like Gecko) Chrome/19.0.1084.52 Safari/536.5\"" 155""}","88.12.32.208","SD1SL1FF3ADFF5727"
"2020-09-13T20:23:37.000+08:00","{""_time"": ""2020-09-13T12:23:37+00:00"", ""message"": ""88.12.32.208 - - [29/Jun/2024:21:12:52] \""POST /cart/success.do?JSESSIONID=SD1SL1FF3ADFF5727 HTTP 1.1\"" 200 828 \""http://www.buttercupgames.com/cart.do?action=purchase&itemId=EST-15\"" \""Mozilla/5.0 (Windows NT 5.1) AppleWebKit/536.5 (KHTML; like Gecko) Chrome/19.0.1084.52 Safari/536.5\"" 446""}","88.12.32.208","SD1SL1FF3ADFF5727"
"2020-09-13T20:23:36.000+08:00","{""_time"": ""2020-09-13T12:23:36+00:00"", ""message"": ""88.12.32.208 - - [29/Jun/2024:21:12:50] \""POST /cart.do?action=view&itemId=EST-16&productId=DC-SG-G02&JSESSIONID=SD1SL1FF3ADFF5727 HTTP 1.1\"" 200 1533 \""http://www.buttercupgames.com/category.screen?categoryId=STRATEGY\"" \""Mozilla/5.0 (Windows NT 5.1) AppleWebKit/536.5 (KHTML; like Gecko) Chrome/19.0.1084.52 Safari/536.5\"" 711""}","88.12.32.208","SD1SL1FF3ADFF5727"
"2020-09-13T20:23:35.000+08:00","{""_time"": ""2020-09-13T12:23:35+00:00"", ""message"": ""88.12.32.208 - - [29/Jun/2024:21:12:52] \""POST /category.screen?categoryId=STRATEGY&JSESSIONID=SD1SL1FF3ADFF5727 HTTP 1.1\"" 200 3172 \""http://www.buttercupgames.com/product.screen?productId=DC-SG-G02\"" \""Mozilla/5.0 (Windows NT 5.1) AppleWebKit/536.5 (KHTML; like Gecko) Chrome/19.0.1084.52 Safari/536.5\"" 157""}","88.12.32.208","SD1SL1FF3ADFF5727"
"2020-09-13T20:23:34.000+08:00","{""_time"": ""2020-09-13T12:23:34+00:00"", ""message"": ""86.51.1.2 - - [29/Jun/2024:21:15:31] \""GET /product.screen?productId=CU-PG-G06&JSESSIONID=SD10SL3FF1ADFF5730 HTTP 1.1\"" 200 716 \""http://www.yahoo.com\"" \""Mozilla/4.0 (compatible; MSIE 7.0; Windows NT 5.1; Trident/4.0; .NET CLR 2.0.50727; MS-RTC LM 8; InfoPath.2)\"" 956""}","86.51.1.2","SD10SL3FF1ADFF5730"
"2020-09-13T20:23:33.000+08:00","{""_time"": ""2020-09-13T12:23:33+00:00"", ""message"": ""86.51.1.2 - - [29/Jun/2024:21:15:31] \""GET /oldlink?itemId=EST-26&JSESSIONID=SD10SL3FF1ADFF5730 HTTP 1.1\"" 200 2571 \""http://www.buttercupgames.com/product.screen?productId=BS-AG-G09\"" \""Mozilla/4.0 (compatible; MSIE 7.0; Windows NT 5.1; Trident/4.0; .NET CLR 2.0.50727; MS-RTC LM 8; InfoPath.2)\"" 189""}","86.51.1.2","SD10SL3FF1ADFF5730"
"2020-09-13T20:23:32.000+08:00","{""_time"": ""2020-09-13T12:23:32+00:00"", ""message"": ""86.51.1.2 - - [29/Jun/2024:21:15:32] \""GET /category.screen?categoryId=STRATEGY&JSESSIONID=SD10SL3FF1ADFF5730 HTTP 1.1\"" 200 2927 \""http://www.buttercupgames.com/oldlink?itemId=EST-21\"" \""Mozilla/4.0 (compatible; MSIE 7.0; Windows NT 5.1; Trident/4.0; .NET CLR 2.0.50727; MS-RTC LM 8; InfoPath.2)\"" 406""}","86.51.1.2","SD10SL3FF1ADFF5730"
"2020-09-13T20:23:31.000+08:00","{""_time"": ""2020-09-13T12:23:31+00:00"", ""message"": ""221.204.246.72 - - [29/Jun/2024:21:17:29] \""GET /category.screen?categoryId=ACCESSORIES&JSESSIONID=SD7SL10FF9ADFF5732 HTTP 1.1\"" 200 2993 \""http://www.google.com\"" \""Mozilla/5.0 (Windows; U; Windows NT 5.1; en-US; rv:1.9.2.28) Gecko/20120306 YFF3 Firefox/3.6.28 ( .NET CLR 3.5.30729; .NET4.0C)\"" 615""}","221.204.246.72","SD7SL10FF9ADFF5732"
"2020-09-13T20:23:30.000+08:00","{""_time"": ""2020-09-13T12:23:30+00:00"", ""message"": ""221.204.246.72 - - [29/Jun/2024:21:17:30] \""GET /category.screen?categoryId=TEE&JSESSIONID=SD7SL10FF9ADFF5732 HTTP 1.1\"" 200 2739 \""http://www.buttercupgames.com/product.screen?productId=WC-SH-T02\"" \""Mozilla/5.0 (Windows; U; Windows NT 5.1; en-US; rv:1.9.2.28) Gecko/20120306 YFF3 Firefox/3.6.28 ( .NET CLR 3.5.30729; .NET4.0C)\"" 596""}","221.204.246.72","SD7SL10FF9ADFF5732"
"2020-09-13T20:23:29.000+08:00","{""_time"": ""2020-09-13T12:23:29+00:00"", ""message"": ""221.204.246.72 - - [29/Jun/2024:21:17:32] \""GET /category.screen?categoryId=TEE&JSESSIONID=SD7SL10FF9ADFF5732 HTTP 1.1\"" 200 3279 \""http://www.buttercupgames.com/cart.do?action=addtocart&itemId=EST-14&productId=WC-SH-T02\"" \""Mozilla/5.0 (Windows; U; Windows NT 5.1; en-US; rv:1.9.2.28) Gecko/20120306 YFF3 Firefox/3.6.28 ( .NET CLR 3.5.30729; .NET4.0C)\"" 394""}","221.204.246.72","SD7SL10FF9ADFF5732"
"2020-09-13T20:23:28.000+08:00","{""_time"": ""2020-09-13T12:23:28+00:00"", ""message"": ""221.204.246.72 - - [29/Jun/2024:21:17:33] \""GET /product.screen?productId=SF-BVS-G01&JSESSIONID=SD7SL10FF9ADFF5732 HTTP 1.1\"" 406 2756 \""http://www.buttercupgames.com/cart.do?action=changequantity&itemId=EST-26\"" \""Mozilla/5.0 (Windows; U; Windows NT 5.1; en-US; rv:1.9.2.28) Gecko/20120306 YFF3 Firefox/3.6.28 ( .NET CLR 3.5.30729; .NET4.0C)\"" 200""}","221.204.246.72","SD7SL10FF9ADFF5732"
"2020-09-13T20:23:27.000+08:00","{""_time"": ""2020-09-13T12:23:27+00:00"", ""message"": ""221.204.246.72 - - [29/Jun/2024:21:17:34] \""GET /oldlink?itemId=EST-13&JSESSIONID=SD7SL10FF9ADFF5732 HTTP 1.1\"" 200 3588 \""http://www.buttercupgames.com/category.screen?categoryId=ARCADE\"" \""Mozilla/5.0 (Windows; U; Windows NT 5.1; en-US; rv:1.9.2.28) Gecko/20120306 YFF3 Firefox/3.6.28 ( .NET CLR 3.5.30729; .NET4.0C)\"" 625""}","221.204.246.72","SD7SL10FF9ADFF5732"
"2020-09-13T20:23:26.000+08:00","{""_time"": ""2020-09-13T12:23:26+00:00"", ""message"": ""221.204.246.72 - - [29/Jun/2024:21:17:34] \""POST /category.screen?categoryId=NULL&JSESSIONID=SD7SL10FF9ADFF5732 HTTP 1.1\"" 503 1429 \""http://www.buttercupgames.com/oldlink?itemId=EST-14\"" \""Mozilla/5.0 (Windows; U; Windows NT 5.1; en-US; rv:1.9.2.28) Gecko/20120306 YFF3 Firefox/3.6.28 ( .NET CLR 3.5.30729; .NET4.0C)\"" 336""}","221.204.246.72","SD7SL10FF9ADFF5732"
"2020-09-13T20:23:25.000+08:00","{""_time"": ""2020-09-13T12:23:25+00:00"", ""message"": ""12.130.60.4 - - [29/Jun/2024:21:19:28] \""GET /product.screen?productId=WC-SH-A01&JSESSIONID=SD3SL2FF10ADFF5741 HTTP 1.1\"" 200 2332 \""http://www.google.com\"" \""Mozilla/5.0 (compatible; NetcraftSurveyAgent/1.0/cc-prepass-https; +info@netcraft.com)\"" 974""}","12.130.60.4","SD3SL2FF10ADFF5741"
"2020-09-13T20:23:24.000+08:00","{""_time"": ""2020-09-13T12:23:24+00:00"", ""message"": ""12.130.60.4 - - [29/Jun/2024:21:19:29] \""GET /productscreen.html?t=ou812&JSESSIONID=SD3SL2FF10ADFF5741 HTTP 1.1\"" 404 896 \""http://www.buttercupgames.com/cart.do?action=addtocart&itemId=EST-6\"" \""Mozilla/5.0 (compatible; NetcraftSurveyAgent/1.0/cc-prepass-https; +info@netcraft.com)\"" 317""}","12.130.60.4","SD3SL2FF10ADFF5741"
"2020-09-13T20:23:23.000+08:00","{""_time"": ""2020-09-13T12:23:23+00:00"", ""message"": ""12.130.60.4 - - [29/Jun/2024:21:19:30] \""GET /product.screen?productId=SF-BVS-G01&JSESSIONID=SD3SL2FF10ADFF5741 HTTP 1.1\"" 408 1518 \""http://www.buttercupgames.com/product.screen?productId=SF-BVS-G01\"" \""Mozilla/5.0 (compatible; NetcraftSurveyAgent/1.0/cc-prepass-https; +info@netcraft.com)\"" 998""}","12.130.60.4","SD3SL2FF10ADFF5741"
"2020-09-13T20:23:22.000+08:00","{""_time"": ""2020-09-13T12:23:22+00:00"", ""message"": ""12.130.60.4 - - [29/Jun/2024:21:19:31] \""GET /product.screen?productId=WC-SH-G04&JSESSIONID=SD3SL2FF10ADFF5741 HTTP 1.1\"" 200 527 \""http://www.buttercupgames.com/oldlink?itemId=EST-18\"" \""Mozilla/5.0 (compatible; NetcraftSurveyAgent/1.0/cc-prepass-https; +info@netcraft.com)\"" 927""}","12.130.60.4","SD3SL2FF10ADFF5741"
"2020-09-13T20:23:21.000+08:00","{""_time"": ""2020-09-13T12:23:21+00:00"", ""message"": ""12.130.60.4 - - [29/Jun/2024:21:19:32] \""GET /product.screen?productId=SF-BVS-G01&JSESSIONID=SD3SL2FF10ADFF5741 HTTP 1.1\"" 503 760 \""http://www.buttercupgames.com/cart.do?action=purchase&itemId=EST-21\"" \""Mozilla/5.0 (compatible; NetcraftSurveyAgent/1.0/cc-prepass-https; +info@netcraft.com)\"" 719""}","12.130.60.4","SD3SL2FF10ADFF5741"
"2020-09-13T20:23:20.000+08:00","{""_time"": ""2020-09-13T12:23:20+00:00"", ""message"": ""107.3.146.207 - - [29/Jun/2024:21:22:17] \""GET /category.screen?categoryId=SIMULATION&JSESSIONID=SD2SL5FF3ADFF5751 HTTP 1.1\"" 200 1805 \""http://www.buttercupgames.com\"" \""Mozilla/5.0 (Windows; U; Windows NT 5.1; en-US; rv:1.9.2.28) Gecko/20120306 YFF3 Firefox/3.6.28 ( .NET CLR 3.5.30729; .NET4.0C)\"" 796""}","107.3.146.207","SD2SL5FF3ADFF5751"
